id,name,address,locality,latitude,longitude,cuisines,average_cost_for_two,aggregate_rating,rating_text,votes,all_reviews_count,photo_count,has_online_delivery
3700561,Gelateria Montecatini Terme,"Goubert Avenue, Next To Alliance Franchaise, White Town, Puducherry",White Town,11.92595654,79.83420622,Desserts,150,4.9,Excellent,724,409,426,0
3700572,Bread & Chocolate,"Auroville Main Raod, Kuilapalayam, Auroville, Puducherry",Auroville,11.99074804,79.82975274,"Bakery, Cafe, Healthy Food",500,4.7,Excellent,555,285,666,0
3700041,Zuka,"319, Mission Street, MG Road, Puducherry",MG Road,11.92982738,79.83019866,"Desserts, Bakery",300,4.7,Excellent,1351,633,1559,1
3700050,Baker Street,"123, Bussy Street, MG Road, Puducherry",MG Road,11.92938748,79.82865002,"Bakery, French",400,4.6,Excellent,1798,1072,2790,0
3700835,Coromandel Cafe,"La Maison Rose, 8 Romain Rolland Street, White Town, Puducherry",White Town,11.93110212,79.83424008,"Cafe, Italian, French, British",1000,4.5,Excellent,1016,498,987,0
3700219,Boston Cafe,"38, Mission Street, Puducherry",White Town,11.93940844,79.83187705,"Fast Food, Chinese, North Indian",400,4.5,Excellent,282,150,156,0
3700049,Villa Shanti,"Villa Shanti, 14, Suffren Street, White Town, Puducherry",White Town,11.929698,79.833191,Continental,1500,4.4,Very Good,1285,748,1698,1
3700399,Canteen 18,"14, Needaraja Paiyar street, Heritage Town, Puducherry",Heritage Town,11.93353283,79.83127691,"Cafe, Fast Food",800,4.4,Very Good,251,148,207,0
3700010,Auroville Bakery,"Kuilapalayam, Auroville, Puducherry",Auroville,11.99003276,79.83463302,Bakery,150,4.4,Very Good,495,274,615,0
3700465,Cream Affair,"6, bussy st,Romain Rolland street corner, White Town, Puducherry",White Town,11.92850933,79.83362652,"American, Cafe, Desserts, Ice Cream",300,4.4,Very Good,392,213,378,0
19347940,KFC,"Shop 9 & 10, 7, Ground Floor, Providence Mall, Venkata Subha Reddiar Salai, Ambedkar Nagar, Orleanpet, MG Road, Puducherry","Providence Mall, MG Road",11.928959,79.81986,"Burger, Fast Food, Finger Food, Beverages",450,4.4,Very Good,163,1,35,1
19233478,Lassi Shop,"264, Kamaraj Salai, Thiruvalarkeni, Gandhinagar, Puducherry",Gandhinagar,11.9410785,79.81041532,"Beverages, Juices, Desserts, Fast Food",200,4.4,Very Good,99,1,1,1
3700037,Le Dupleix,"5, Rue De La Caserne, White Town, Puducherry",White Town,11.93104176,79.83375896,"North Indian, French, Continental",1500,4.3,Very Good,1008,569,1067,0
3700021,The Indian Kaffe Express,"3, Rue Dumas Street, Near IG Office, White Town, Puducherry",White Town,11.93036995,79.83476747,"Cafe, North Indian",500,4.3,Very Good,979,574,1121,1
3700009,Tanto,"Main Road, Near Iyyanar Koil Kullapalyam, Auroville, Puducherry",Auroville,11.99091661,79.82865572,"Pizza, Italian",1400,4.3,Very Good,996,590,901,0
18427467,The Smoothie Bar,"26, Sri Aurobindo Street, Mission Street Crossing, Heritage Town, Puducherry",Heritage Town,11.93824265,79.83139157,"American, Cafe, Continental, European, Healthy Food, Beverages, Juices, Desserts",500,4.3,Very Good,1066,358,526,1
3700656,Margaritas,"1 Aurobindo Street, Gingee Street Junction, White Town, Puducherry",White Town,11.93775455,79.83308304,"Mexican, Continental, American, Desserts, Finger Food, Ice Cream, Juices, Salad",600,4.3,Very Good,1363,654,688,1
3700047,Surguru,"104, Sardar Vallabhai Patel Salai, Near Aurobindo Ashram, Heritage Town, Puducherry",Heritage Town,11.94202212,79.82975375,"South Indian, North Indian, Chinese",400,4.3,Very Good,562,265,251,0
3700178,ibaco,"Old 10, New 14, Dupuy Street, White Town, Puducherry",White Town,11.937619,79.834661,"Ice Cream, Desserts",300,4.3,Very Good,346,44,86,1
18866083,Grill'd House,"100, Kamaraj, Salai, Heritage Town, Puducherry",Heritage Town,11.93743013,79.8215995,"Arabian, Sandwich, Beverages, Rolls",600,4.3,Very Good,1275,10,5,1
18899178,BBQ Ride,"Kamaraj Salai, Saram, Heritage Town, Puducherry",Heritage Town,11.94000348,79.81490269,North Indian,300,4.3,Very Good,563,4,0,1
3701000,Insuvai,"20, Lenin Street, Kospalayam, Heritage Town, Puducherry",Heritage Town,11.93908436,79.81389686,"Ice Cream, Fast Food",250,4.3,Very Good,165,2,1,1
3700286,Naveen Mess,"18, 100 Feet Road, Ellaipillaichavady, Gandhinagar, Puducherry",Gandhinagar,11.93570209,79.80759032,"Tamil, South Indian",150,4.3,Very Good,100,0,3,0
19494115,KFC,"Plot 10-2, Survey 213/3, 238/2, Thiruchitrambalam Panchayat, Pondy Thindivanam Road, Villupuram, Villianur, Puducherry",Villianur,11.960369,79.794496,"Burger, Fast Food, Finger Food, Beverages",450,4.3,Very Good,116,1,11,1
3700054,Cafe Xtasi,"245, Mission Street, Opposite VOC School, Puducherry",MG Road,11.93377885,79.83084742,"Italian, Pizza",900,4.2,Very Good,3480,1823,2050,1
3700770,Escape In,"52/A, First Floor, Goubert Avenue, Beach Road, White Town, Puducherry",White Town,11.9269026,79.83450897,"North Indian, Continental, Chinese, Arabian, BBQ, Beverages, Desserts, Ice Cream",600,4.2,Very Good,1248,511,577,1
3700649,Taka Pizza,"#47, Mission Street, Next to ICICI Bank, Puducherry",MG Road,11.9396853,79.83200211,"Italian, Pizza",400,4.2,Very Good,5254,441,520,1
3700070,Auro Pizza,"Gingee Salai, Jawaharlal Nehru Street, White Town, Puducherry",White Town,11.93591366,79.83293619,"Pizza, Italian, Fast Food, Beverages",450,4.2,Very Good,2016,244,183,1
3700722,La Villa,"11, Surcouf Street, White Town, Puducherry",White Town,11.93008226,79.83257812,"Continental, Italian",1400,4.2,Very Good,177,81,215,0
18399604,Crêpe in Touch,"29, Needarajapayer Street, MG Road, Puducherry",MG Road,11.93392712,79.82937019,French,800,4.2,Very Good,142,90,178,0
18874415,Hopper's Bar & Kitchen,"2 & 3, 3rd Floor, 1st Cross Street, Anna Nagar, Gandhinagar, Puducherry",Gandhinagar,11.93177,79.808748,"Continental, South Indian",1200,4.2,Very Good,329,203,116,0
19157870,Flaming Dragons,"7, Labourdonnais Street, White Town, Puducherry",White Town,11.927514,79.832221,"Asian, Chinese, Desserts, Beverages",850,4.2,Very Good,247,207,93,0
19056649,1 Rue Suffren,"Mahe de Labourdonnais St, Near Bharathi Park, White Town, Puducherry",White Town,11.93190748,79.8341105,"North Indian, Continental, Asian",800,4.2,Very Good,313,220,111,0
18881759,Richy Rich Freezing Point,"Anna Salai Branch, Heritage Town, Puducherry",Heritage Town,11.93280624,79.82431088,"Desserts, Beverages, Italian, Chinese, Burger, Sandwich, Ice Cream, Pizza",500,4.2,Very Good,6438,37,6,1
3700970,Creamy Station,"197, Mission Street, MG Road Area, Puducherry, Puducherry",MG Road,11.93517494,79.83107843,"Ice Cream, Cafe, Beverages, Desserts",250,4.2,Very Good,1252,148,118,1
3700056,Cafe Ole,"319, Mission Street, MG Road, Puducherry",MG Road,11.92992152,79.83017351,"Cafe, Continental",700,4.2,Very Good,385,188,452,1
3701002,Fruit Shop On Greams Road,"No-12, Aurobindo Street, Heritage Town, Puducherry, Puducherry",Heritage Town,11.93790741,79.83258214,"Cafe, Sandwich, Beverages, Juices",200,4.2,Very Good,559,36,101,1
3700039,Hotel Sri Kamatchi,"100 Feet Road, Mudaliarpet, Puducherry",Mudaliarpet,11.92802908,79.80711658,"South Indian, Biryani, Seafood",500,4.2,Very Good,148,49,57,0
3701030,Domino's Pizza,"75, 100 Feet Road, GKM Arcade, Anna Nagar, Puducherry, 605005, MG Road, Puducherry",MG Road,11.93208268,79.80775486,"Pizza, Fast Food",400,4.2,Very Good,984,13,27,0
19022925,The Shawarma Club,"158, Gandhi Nagar Main Road, Near Employment Office, Gandhinagar, Puducherry",Gandhinagar,11.94201785,79.79977939,"Rolls, Arabian, Biryani",200,4.2,Very Good,4103,20,5,1
3700664,Idli & Idiyappam,"441, Bharathi Street, Heritage Town, Puducherry",Heritage Town,11.93015836,79.82632957,South Indian,400,4.2,Very Good,357,31,21,1
3701191,The Belgian Waffle Co.,"3, Mission Street, MG Road, Puducherry",MG Road,11.94097311,79.83218316,Desserts,400,4.2,Very Good,492,29,35,1
3700986,Favourite Juice World,"Sardar Vallabhai Patel Salai, Heritage Town, Puducherry",Heritage Town,11.941823,79.831121,Beverages,150,4.2,Very Good,761,14,10,1
3700101,Richy Rich,"52, Rangapillai Street, Heritage Town, Puducherry",Heritage Town,11.93464649,79.83130038,"Ice Cream, Desserts",500,4.2,Very Good,167,30,78,0
19144639,Behrouz Biryani,"59, 99, Ambalathadayar Madam Street, White Town, Puducherry",White Town,11.936806,79.829341,"Fast Food, Biryani, North Indian, Mughlai",700,4.2,Very Good,427,43,28,1
19022462,Geetha Bakery,"14, Saint Ange street, White Town, Puducherry",White Town,11.93268815,79.831005,"Beverages, Cafe, Rolls, Sandwich, Wraps",150,4.2,Very Good,536,4,29,1
19144641,Ovenstory Pizza,"59, 99, Ambalathadayar Madam Street, White Town, Puducherry",White Town,11.936806,79.829341,"Fast Food, Italian, Pizza",400,4.2,Very Good,222,32,34,1
19214820,Shawarma Bites,"57, Vazhuvathur Main Road, Koundanpalayam, Gandhinagar, Puducherry",Gandhinagar,11.94170059,79.80431768,"Lebanese, Arabian",150,4.2,Very Good,1055,30,1,1
19144643,Firangi Bake,"59, 99, Ambalathadayar Madam Street, White Town, Puducherry",White Town,11.936806,79.829341,"Italian, Mexican",400,4.2,Very Good,96,20,33,1
19144358,Lassi Shop,"1 Villianur Main Road, Ellaipillaichavady Villianur, Puducherry",Villianur,11.93159755,79.8051365,Beverages,200,4.2,Very Good,111,2,0,1
19144635,Faasos,"59, 99, Ambalathadayar Madam Street, White Town, Puducherry",White Town,11.936806,79.829341,"North Indian, Fast Food, Wraps",450,4.2,Very Good,1607,48,39,1
19043277,The Deli Affair,"435, Kamaraj Salai, Sakthi Nagar, Saram, Gandhinagar, Puducherry",Gandhinagar,11.94035872,79.81385462,"Desserts, Beverages, Sandwich",300,4.2,Very Good,294,49,17,1
19465208,The Pizza Hub,"75A, First Floor, Aurobindo Street, MG Road, Puducherry",MG Road,11.93833733,79.83015442,"Italian, Pizza, Fast Food, Beverages",350,4.2,Very Good,83,1,1,1
3700387,Bay of Buddha -  The Promenade,"The Promenade, 23, Goubert Avenue, White Town, Puducherry",White Town,11.9331,79.8358,"Chinese, Thai, Malaysian, Vietnamese, Korean, Indonesian, Asian, Momos",1500,4.1,Very Good,631,355,426,0
3700408,Italize,"137, 1st Floor, Mission Street, MG Road, Puducherry",MG Road,11.93651855,79.83134765,"Pizza, Italian, Fast Food, Beverages",600,4.1,Very Good,605,221,492,1
3700117,Hotel Sri Kamatchi,"5, Labourdonnais Street, Near Old Law College, White Town, Puducherry",White Town,11.92791329,79.83233068,"South Indian, Biryani, Seafood",500,4.1,Very Good,1021,232,225,1
3701218,Sky Garden,"5th Floor (On the terrace), 317, Mission Street",MG Road,11.92995423,79.83022088,"Continental, French, Bar Food, Beverages, European, Desserts, Salad",600,4.1,Very Good,308,176,385,0
3700036,Blueline - The Promenade,"The Promenade, 23, Goubert Avenue, White Town, Puducherry",White Town,11.93327861,79.83576793,"North Indian, Seafood, South Indian, Italian, French",1500,4.1,Very Good,376,217,412,1
3700060,A2B - Adyar Ananda Bhavan,"No.11, Kariakar Building, Jawaharlal Nehru Street, Puducherry",White Town,11.93530648,79.83295564,"South Indian, Chinese, Street Food, Mithai",450,4.1,Very Good,2036,217,135,1
3700202,Marc's Cafe,"Auroville Main Road, Auroville, Puducherry",Auroville,11.9911124,79.82626453,"Cafe, French, Coffee",500,4.1,Very Good,168,93,194,0
3700799,Dindigul Thalappakatti,"D108, Kamaraj Salai, Near Balaji Theater, Lawspet, Puducherry",Lawspet,11.93670519,79.82031908,South Indian,500,4.1,Very Good,2558,464,67,1
3700157,Les Alizés - Palais De Mahe,"Door 4, Rue Bussy, Lal Bahadur Shastri Road, Opposite Studio Profile, White Town, Puducherry",Palais De Mahe,11.92831251,79.83396716,"South Indian, Continental",1600,4.1,Very Good,143,75,183,0
3700169,New Farm Fresh Pizzeria,"41, Saint Louis Street, White Town, Puducherry",White Town,11.93474326,79.83489823,"Pizza, Continental, Italian, Desserts, Finger Food",1000,4.1,Very Good,235,131,231,0
3700444,Cafe Xtasi,"Plot 24, Aghal Street ECR Main Road, Periyamudaliar Chavadi, Auroville, Puducherry",Auroville,11.98704927,79.84679516,"Italian, Pizza",600,4.1,Very Good,550,221,252,1
18469234,Barbeque Nation,"120, Naga Progress Avenue, Bussy Street, White Town, Puducherry",White Town,11.9295,79.829,"Mughlai, North Indian",1500,4.1,Very Good,334,215,285,1
18264506,New Farm Fresh,"6, St Therese Street, MG Road, Puducherry",MG Road,11.93201109,79.83116459,"Pizza, Italian, Continental",1000,4.1,Very Good,200,111,169,0
3700470,Surguru,"Mission Street, MG Road, Puducherry",MG Road,11.93391466,79.83089536,"South Indian, North Indian, Chinese",600,4.1,Very Good,299,180,178,0
3700500,The Smoothie Bar,"Auroville Main Road, Opposite to Purple Resorts, Kuilapalyam, Auroville, Puducherry",Auroville,11.99114356,79.82616529,"American, Cafe, Continental, European, Healthy Food, Beverages, Juices, Desserts",500,4.1,Very Good,383,169,156,1
3700378,Brothers Pizzeria,"Auroville Main Road, Kuilapalayam, Auroville, Puducherry",Auroville,11.99115045,79.82544746,Pizza,500,4.1,Very Good,254,67,56,0
3700208,Ibaco,"48, Villianur Main Road, Villianur, Puducherry",Villianur,11.93139636,79.80214946,"Ice Cream, Desserts",300,4.1,Very Good,175,12,26,1
3700570,A La Villa Creole,"50, Labourdannis Street, White Town, Puducherry",White Town,11.92584337,79.83186666,"Continental, French",450,4.1,Very Good,69,44,90,0
3700931,The ThickShake Factory,"Building No: 40-A, Below Madame Shanthes Restaurant, Busy street,White town,Puducherry 605001",Heritage Town,11.92843766,79.83349776,"Beverages, Desserts",350,4.1,Very Good,448,65,166,1
18865589,McDonalds,"3rd Floor Providence Mall, Cuddalore Road, MG Road, Puducherry","Providence Mall, MG Road",11.92915851,79.82001264,"Burger, Fast Food",400,4.1,Very Good,1499,67,27,1
3700712,Eden Garden,"10/2, 100 feet road, Ellaipilaichavady, Puducherry  Landmark - near to aasife briyani and opposite to junior kuppana",Gandhinagar,11.93357187,79.80725706,"Ice Cream, Fast Food, Desserts, Beverages",350,4.1,Very Good,1708,56,63,1
3701230,Tosai,"22, GNR Complex, Anna Salai, Near Bata Showroom, Heritage Town, Puducherry",Heritage Town,11.940646,79.827494,"North Indian, South Indian, Chinese, Fast Food",350,4.1,Very Good,1320,24,19,1
18944876,The Bull,"The Bull Boutique Hotel, 25, Vysial Street, White Town, Puducherry",White Town,11.93755,79.831618,"Continental, North Indian, Asian, South Indian",800,4.1,Very Good,112,66,91,1
3700711,Hotel Sri Kamatchi,"19, 20, Villianur main road, ellaipillaichavady, Villianur, Puducherry",Villianur,11.93151183,79.80482798,"South Indian, Biryani, Seafood",500,4.1,Very Good,975,36,25,1
3700491,Valaiyapattiyar,"No 3, Aurobindo Street, Heritage Town, White Town, Puducherry",White Town,11.93775815,79.83282287,"Chettinad, Andhra, Biryani, Hyderabadi, Beverages, Konkan, Tamil, South Indian",450,4.1,Very Good,726,23,38,1
3700910,Foodies,"424/426, Mahatma Gandhi Road, Near Bharadidasan Women College, Heritage Town, Puducherry",Heritage Town,11.94302553,79.83051181,"North Indian, Arabian, Chinese, Biryani, Seafood, Beverages",350,4.1,Very Good,1964,16,17,1
19092285,The Red Box,"301, Anna Salai, Heritage Town, Puducherry",Heritage Town,11.93523924,79.82483123,Chinese,200,4.1,Very Good,1409,23,7,1
3700660,Kamireddy Foods,"108, Vazhudavur Road, Kundarpalayam, Gandhinagar, Puducherry",Gandhinagar,11.94195581,79.80126197,North Indian,400,4.1,Very Good,282,6,2,1
3701068,M&M,"96B, South V Patel Salai, White Town, Puduchery",White Town,11.94161833,79.83125377,"Ice Cream, Sandwich, Fast Food, Beverages, Desserts",150,4.1,Very Good,401,7,7,1
18980404,Bon Appetite Bakery,"50 Lenin Street, Kosapalayam, Heritage Town, Puducherry",Heritage Town,11.93859495,79.81378824,"Bakery, Desserts",200,4.1,Very Good,162,1,46,1
3700781,Smile,"No.12, Compagnie Street, Roman Rolland Library, White Town, Puducherry",White Town,11.93463403,79.83547188,"Ice Cream, Biryani, Fast Food, Burger, Desserts, Pizza",250,4.1,Very Good,726,5,17,1
19003797,Hotel Southernlands,"ECR Road, Chinna Mudaliar Chavady, Auroville, Puducherry",Auroville,11.97853,79.843273,"South Indian, Chinese, North Indian, Biryani",300,4.1,Very Good,144,22,4,1
19067888,Irfan Restaurant,"10, Villianur Main Road, Sulthanpet, Villianur, Puducherry",Villianur,11.91960825,79.76067312,"Biryani, Kerala, North Indian, South Indian",0,4.1,Very Good,165,9,0,1
18899213,BBQ Ride,"Beach Rd, Near Rock Beach, Duppuypet, White Town, Puducherry",White Town,11.92504721,79.83289897,North Indian,500,4.1,Very Good,68,5,0,0
19453092,OYALO,"30/5 & 6, Villianur Main Road, Kootaimedu, Villianur, Puducherry",Villianur,11.91187,79.76058,Pizza,200,4.1,Very Good,0,1,4,1
3700771,Just Cakes,"89, E Coast Road, opp to Pondicherry university gate 2, first floor, Chinna Kalapet, Puducherry
PH: 0413-26-54-000",Auroville,12.01572536,79.85873703,"Bakery, Desserts",300,4.1,Very Good,111,22,155,1
3700017,The Pasta Bar Veneto,"248, Mission Street, MG Road, Puducherry",MG Road,11.92978539,79.83005684,"Healthy Food, Continental, Italian, Sandwich, Salad",900,4,Very Good,788,354,582,1
3700019,Rendezvous Cafe Restaurant,"30, Rue Suffren, White Town, Puducherry",White Town,11.92839255,79.83291741,"Goan, Mangalorean, Continental, French",1200,4,Very Good,451,284,658,0
3700537,The Storytellers' Bar,"The Promenade, 23, Goubert Avenue, White Town, Puducherry",White Town,11.93307031,79.83584538,Finger Food,800,4,Very Good,257,151,97,0
3701015,De Bluefin Seafood Restaurant,"1, Ground Floor, Aurobindo Street, Heritage Town, Puducherry",Heritage Town,11.937858,79.832996,"Biryani, Seafood, North Indian, Chinese, Continental, Fast Food, Beverages, Desserts",600,4,Very Good,635,108,178,1
3700325,Eden Garden,"414, MG Road, Puducherry",MG Road,11.93145147,79.82845791,"Ice Cream, Fast Food, Desserts, Beverages",350,4,Very Good,998,243,122,1
3700052,LB2 Lounge,"2, Labourdonnais Street, White Town, Puducherry",White Town,11.92835712,79.83232129,"South Indian, Biryani, North Indian, Continental",1400,4,Very Good,283,142,180,1
3700226,Karai Restaurant,"100 Feet Road, Near Indira Gandhi Statue, Gandhinagar, Puducherry",Gandhinagar,11.93189169,79.80785184,"Biryani, Chinese, North Indian, South Indian",500,4,Very Good,949,147,134,1
3700002,KFC,"65/45, Ranga Pillai Street, MG Road, Puducherry",MG Road,11.93510311,79.82909158,"Burger, Fast Food, Finger Food, Beverages",450,4,Very Good,3820,70,99,1
18380241,The Motorcycle Diaries,"East Coast Road, Next to Serenity Beach Road, Auroville, Pondicherry.",Kottukuppam,11.97089486,79.83907443,"Cafe, Desserts, Continental",500,4,Very Good,130,77,185,0
18872609,New Biryani Paradise,"23, 45 Feet Road, Vallalar salai, Heritage Town, Puducherry",Heritage Town,11.93992574,79.82148752,"South Indian, Seafood, Chinese, North Indian, Biryani, Arabian",400,4,Very Good,16654,43,5,1
3700580,The Tadkka Dhaba,"35, Sri Aurobindo St, Opp. Calve College, Heritage Town, Pondicherry",Heritage Town,11.938118,79.831938,North Indian,700,4,Very Good,227,122,137,1
3700061,Hot Breads,"42, Ambour Salai, Near Traffic Police Station, White Town, Puducherry",White Town,11.93502044,79.83259454,"Desserts, Bakery, Fast Food",300,4,Very Good,181,101,196,0
3700058,La Pasta World,"55, Vysial Street, Heritage Town, Puducherry",Heritage Town,11.93751312,79.83132083,Italian,800,4,Very Good,143,79,70,0
3700357,Indian Coffee House,"25, Nehru Street, Heritage Town, Puducherry",Heritage Town,11.93596451,79.83019229,South Indian,150,4,Very Good,145,77,81,0
3700330,Bon Bakes,"18, Rangapillai Street, Opposite BSNL Head Office, MG Road, Puducherry",MG Road,11.93473736,79.83276051,"Italian, Fast Food, Bakery",450,4,Very Good,153,92,225,0
3701056,Oyalo Pizza,"62, Villianur Main Road, Reddiyarpalayam, Villianur, Puducherry",Villianur,11.93142851,79.80113827,Pizza,200,4,Very Good,784,7,5,1
18972596,Star Biryani,"25, East Coast Road, Karuvadikuppam, Muthial Pet, Puducherry",Muthial Pet,11.95477851,79.82383512,"Chettinad, Biryani, Chinese, Tamil, South Indian",300,4,Very Good,288,7,0,1
3700289,Surguru,"100 Feet Road, Thanthai Periyar Nagar, Ellaipillaichavady, Near Gandhinagar, Puducherry",Gandhinagar,11.93422268,79.80760876,"South Indian, North Indian, Chinese",250,4,Very Good,167,58,51,0
3700665,Guru Bakers,"4/1,Vazhudavur Road, Gandhinagar, Puducherry",Gandhinagar,11.942096,79.798899,Bakery,100,4,Very Good,194,8,4,1
3700171,KBS Kofi Bar & Veg Restaurant,"Mahatma Gandhi Road, Simonpet, Muthial Pet, Puducherry",Muthial Pet,11.955913,79.832945,"Street Food, Chinese, Fast Food",100,4,Very Good,2681,46,52,1
19287186,The Shawarma Club Elite,"437, M.G Road, Near Police Station, Muthial Pet, Puducherry",Muthial Pet,11.947483,79.831424,"Lebanese, Chinese, Fast Food, Beverages, Desserts",400,4,Very Good,473,12,2,1
3701095,Richy Rich,"477, MG Road, Muthialpet, Puducherry",MG Road,11.94594816,79.83109653,"Desserts, Fast Food",100,4,Very Good,111,0,1,1
3700083,Tantra – Anandha Inn,"Hotel Anandha Inn, 154, SV Patel Salai, Heritage Town, Puducherry",Heritage Town,11.94192798,79.82873484,"North Indian, Grill",1500,4,Very Good,124,105,12,0
18395026,Eat Idly,"Shop 5, Vallalar Salai Road, 45 Feet Road, Near Rainbow Nagar, White Town, Puducherry",White Town,11.94080619,79.82621944,South Indian,150,4,Very Good,325,2,4,1
18885810,PVR Cinemas,"4th Floor, Providence Mall, MG Road, Puducherry","Providence Mall, MG Road",11.92876061,79.82037406,Fast Food,200,4,Very Good,173,4,2,1
3700305,Karaikal Hotel,"368, Anna Salai, MG Road, Puducherry",MG Road,11.93353414,79.82420862,"Chettinad, North Indian, Chinese",400,4,Very Good,622,25,13,1
3700304,Bread Basket,"127, Saint Theresa Street, MG Road, Puducherry",MG Road,11.9331169,79.82517331,"Bakery, Desserts, Fast Food",250,4,Very Good,850,14,26,1
18873678,Coffee & Tiffin,"202, 204 Bussy Street, Puducherry, White Town, Puducherry",MG Road,11.92999963,79.8260746,"Beverages, South Indian",200,4,Very Good,160,13,6,0
18902793,Curry Club,"Shop No. 40, Othavadai Street, New Saram, Heritage Town, Puducherry",Heritage Town,11.940239,79.81591355,"North Indian, South Indian, Chinese, Chettinad, Continental, BBQ",200,4,Very Good,4684,33,19,1
3700072,Hotel Biryani Paradise,"310, Mahatma Gandhi Street, Opposite Petti Seminar School, MG Road, Puducherry",MG Road,11.93362534,79.82883174,"BBQ, Arabian, Biryani, Chinese, Fast Food, North Indian, South Indian",350,4,Very Good,2635,21,9,1
3700737,Theevu Plage,"Kottakuppam, Puducherry",Kottukuppam,11.97085977,79.84431848,"Seafood, South Indian",800,4,Very Good,113,62,81,0
19209802,Hope Cafe,"4, Rue, Suffren Street, White Town, Puducherry",White Town,11.93044051,79.83338429,"Cafe, European, Italian, Continental, Fast Food, Beverages",750,4,Very Good,47,39,108,1
3700015,Goodman Restaurant,"116, Auroville Junction, ECR Main Road, Periyamudaliyar Chavadi, Auroville, Puducherry",Auroville,11.98465708,79.84618999,"North Indian, Continental, Chinese",650,4,Very Good,284,70,53,1
3700949,Fishaurant,"37, Kamatchi Amman Kovil St, Heritage Town, Puducherry",Heritage Town,11.938669,79.831305,Seafood,800,4,Very Good,96,58,68,0
3700942,Kokonut Lagoon,"Thattanchavady, Gandhinagar, Puducherry",Gandhinagar,11.9445088,79.8012506,"Arabian, Fast Food, Beverages, North Indian, Kerala, South Indian",400,4,Very Good,2250,16,18,1
3700051,Cafe des Arts,"10, Suffren Street, White Town, Pondicherry",White Town,11.93017837,79.83334254,Cafe,800,3.9,Good,1025,617,1339,0
3700723,SICILYS,"56, Goubert Avenue, White Town, Puducherry",White Town,11.926328,79.834237,"Italian, Pizza, Burger, Continental",800,3.9,Good,656,245,407,1
3701130,PY Cafe,"132, mission street, pondicherry",MG Road,11.936856,79.831369,"Salad, Cafe, Sandwich, Italian, Juices, Desserts",700,3.9,Good,646,214,366,1
3700555,Banana Leaf Barbeque Restaurant,"76, Kamaraj Salai, AP Towers, Kamaraj Salai , Puducherry",MG Road,11.93722479,79.82318066,"South Indian, Seafood, Chinese, North Indian, Beverages, Ice Cream, Desserts, Biryani",500,3.9,Good,19681,97,41,1
3700417,Le Chateau,"11A, Rue Romain Rolland, White Town, Puducherry",White Town,11.92880358,79.83369861,"French, Italian, South Indian, North Indian",1200,3.9,Good,397,236,322,1
3700849,Sandwich Square,"75, 1st Floor, Aurobindo Street, Mission Street, Puducherry",MG Road,11.93833733,79.83015442,"Chinese, Cafe, Sandwich, Fast Food, Beverages, Desserts, Pizza",500,3.9,Good,3734,226,138,1
3700331,Tanto,"ECR Main Road, Near Soorya Beach Resort, Auroville, Puducherry",Auroville,11.98721227,79.84695308,"Pizza, Italian",1400,3.9,Good,273,174,265,0
3700414,Ende Nadu,"36, S. V. Patel Salai, Beach Road, Opposite Naturals, Puducherry",Heritage Town,11.94013797,79.83423404,Kerala,350,3.9,Good,4250,71,65,1
18869051,Yaa Mohaideen Briyani,"15, 4th Cross, Sithananda Nagar, Ellaipillaichavady, Villianur, Puducherry",Villianur,11.932985,79.805663,"Biryani, Chinese, North Indian, Fast Food",300,3.9,Good,589,46,6,1
3700385,Season - Accord Puducherry,"Accord Puducherry, 1, Thilagar Nagar, Ellaipillaichavady, Gandhinagar, Puducherry",Gandhinagar,11.94091505,79.80796818,"North Indian, Continental, Chinese",1000,3.9,Good,158,73,164,1
3700170,Surguru Spot,"12, Jawaharlal Nehru Street, Near Mankula Vinayagar Temple, White Town, Puducherry",White Town,11.93529139,79.83398728,"South Indian, North Indian, Chinese",400,3.9,Good,216,130,132,0
3701085,KBS Kofi Bar & Veg Restaurant,"220, Vazhudhavur Road, Gandhinagar, Puducherry",Gandhinagar,11.94130572,79.79642361,"South Indian, North Indian, Chinese, Beverages",200,3.9,Good,7812,27,11,1
19312256,Jigarthanda Factory,"23, Victoria Nagar, Villianur Main Road, Villianur, Puducherry",Villianur,11.931591,79.804598,"Ice Cream, Desserts",100,3.9,Good,36,0,0,1
18933115,Baskin Robbins,"110, Sarabar Plaza, Villianur Main Road, Reddiarpalayam, Near Indian Overseas Bank, Kottukuppam, Puducherry",Kottukuppam,11.930963,79.795824,"Ice Cream, Beverages, Desserts",200,3.9,Good,354,2,94,1
18894519,Chennai Kulfi,"4, Iyyanar Kovil Street, Ellaipillaichavady, Near Eden Garden, Behind HDFC Bank, Gandhinagar, Puducherry",Gandhinagar,11.93366962,79.80717391,Ice Cream,150,3.9,Good,156,1,17,1
3701074,French Paradise,"5, 100 Feet Road Gandhinagar, Puducherry",Gandhinagar,11.93355743,79.80737105,Bakery,200,3.9,Good,55,0,1,1
19061080,Pubg Milkshake,"11, Chruch Complex Villianur Main Road, Reddiarpalayam, Villianur, Puducherry",Villianur,11.93083881,79.79447405,Beverages,150,3.9,Good,1423,14,5,1
3701121,Domino's Pizza,"Near Indira Gandhi Statue, ECR Road, Gandhinagar, Puducherry",Gandhinagar,11.93221119,79.80779719,"Pizza, Fast Food",400,3.9,Good,124,8,25,0
19312318,The Loop Juice Shop,"64, East Coast Road, Ellaipillaichavady, Puducherry, Lawspet, Puducherry",Lawspet,11.9348,79.807314,"Fast Food, Beverages, Lebanese, Rolls",300,3.9,Good,12,8,0,0
19227313,Kovai Alankar Vilas,"2&3, First Cross Street, Anna Nagar, Gandhinagar, Puducherry",Gandhinagar,11.9316959,79.8085528,South Indian,500,3.9,Good,75,50,23,1
19159917,Roti Corner,"4th Cross, Kamala Apartments, Anna Nagar, Mudaliarpet, Puducherry",Mudaliarpet,11.93307729,79.81063761,"North Indian, Beverages",100,3.9,Good,172,3,0,1
19221827,Hotel Anitha,"52, Thiruvalluvar Salai, Nellithope Signal, Gandhinagar, Puducherry",Gandhinagar,11.93281225,79.8121202,"South Indian, Chinese, Biryani",250,3.9,Good,25,0,0,1
19052604,Taste Me Foods,"217, Vazhuthavur Main Road, Thilaspet, Gandhinagar, Puducherry",Gandhinagar,11.94162685,79.79733925,"South Indian, Biryani, BBQ",300,3.9,Good,949,14,6,1
3700715,Hot Red Chillies,"4, Airport Road, Ashok Nagar, Lawspet, Puducherry",Lawspet,11.95724167,79.80976111,"Biryani, Chinese, Fast Food",200,3.9,Good,6,2,2,0
19150886,Walkers Cafe,"34, Airport Road, Goverment Quaters, Lawspet, Puducherry",Lawspet,11.96175794,79.81034631,"Sandwich, Burger, Pizza, Beverages, Desserts",300,3.9,Good,23,0,0,1
3700223,Food Mubarak,"ECR Road, Pakkamudayanpet, Kottukuppam, Puducherry",Kottukuppam,11.94794544,79.81327627,"Arabian, Biryani, Chinese, North Indian, South Indian, BBQ, Lebanese",600,3.9,Good,168,18,14,1
19223168,Taraknath Sweets,"53, Airport Road, Tagore Nagar,(Near pondicherry co-operative bank) Lawspet, Puducherry",Lawspet,11.951173,79.80943,Mithai,350,3.9,Good,86,1,0,1
19226522,Deli Wheels,"Shop 1A, Kamaraj St, VOC Nagar, Ramakrishna Nagar, Heritage Town, Puducherry",Heritage Town,11.94614895,79.83424193,"Italian, Pizza",200,3.9,Good,59,9,11,0
19226364,Balaji Bhavan,"9/A, 23, 45 Feet Road, Vallalar Street, Heritage Town, Puducherry",Heritage Town,11.94114043,79.82552532,"North Indian, South Indian, Chinese, Beverages",400,3.9,Good,390,12,0,1
19454543,CK Bakery,"30, Raj Bhavan, MG Road, Puducherry",MG Road,11.9420093,79.8303945,"Bakery, Desserts, Fast Food",300,3.9,Good,17,3,22,1
19312379,Kulikki Spot,"13, M.M Adigal Salai, Orleanpet, MG Road, Puducherry",MG Road,11.93141749,79.81748114,"Rolls, Beverages, Fast Food",300,3.9,Good,46,7,1,1
19022695,Southern Bakes,"7, Providence Mall, Venkata Subbha Reddiyar, MG Road, Puducherry",MG Road,11.92905321,79.81983125,Bakery,300,3.9,Good,21,1,2,1
18993237,Arabian Senses,"7, Providence Mall, Venkata Subbha Reddiyar Salai, MG Road, Puducherry","Providence Mall, MG Road",11.92915851,79.82001264,Arabian,200,3.9,Good,56,2,2,1
19218850,The Shake Joint,"319, Thiruvalluvar Salai, Arunthathi Nagar, Anna Nagar, Gandhinagar, Puducherry",Gandhinagar,11.93336393,79.81269095,"Beverages, Juices",200,3.9,Good,65,0,0,1
18882497,Madurai Jigarthanda,"166, Anna Complex, Anna Salai, Savarirayalu Street Cutting, Pothys Near, MG Road, Puducherry",MG Road,11.93262517,79.8242807,South Indian,150,3.9,Good,281,7,4,0
19124810,Freezing Point Juice Centre,"409, Anna Salai, Heritage Town, Puducherry",Heritage Town,11.93264784,79.82428949,"Beverages, Juices",150,3.9,Good,138,5,0,1
19267333,Shawarma Bites,"297, Lenin Street, Kuyavarpalayam, Heritage Town, Puducherry",Heritage Town,11.93511856,79.81306042,"Lebanese, Arabian",150,3.9,Good,32,3,0,1
18966236,Chennai Qurbhani Biryani Hotel,"52, Iyyanar Koil Street, Kosapalayam, MG Road, Puducherry",MG Road,11.935934,79.81326185,"Biryani, North Indian, South Indian, Chinese",200,3.9,Good,221,12,1,1
19226505,Hotel White,"57, Kamaraj Salai, Heritage Town, Puducherry",Heritage Town,11.93720846,79.82302479,"Arabian, North Indian, South Indian, Beverages",300,3.9,Good,163,4,2,1
3700030,Food Paradise,"29, Vallalar Salai Road, Kamaraj Nagar, Heritage Town, Puducherry",Heritage Town,11.93791757,79.82187442,"North Indian, South Indian, Chinese",400,3.9,Good,1358,29,42,0
19050276,Taka Pizza,"19 & 20, Floor 3, Mudaliarpet, Puducherry",Mudaliarpet,11.93160893,79.80466537,"Italian, Pizza",400,3.9,Good,1657,15,37,1
19045834,Shiva Chat & Snack Point,"223, Vazhvdhavur Road, Kathirkamam, White Town, Puducherry",White Town,11.94161209,79.79664959,"North Indian, Chinese",300,3.9,Good,773,5,3,1
3700404,Artika Cafe Gallery,"1 Labourdonnais street, White Town, Puducherry",White Town,11.92804122,79.83227469,Cafe,700,3.8,Good,108,74,213,0
3700842,Crosskeys Restropub,"109, Gingee Salai, White Town, Puducherry",White Town,11.9261947,79.83129501,"Continental, Finger Food",1000,3.8,Good,161,57,57,0
3700042,Domino's Pizza,"56, TS Number 120 & 121, Anantha Rangapillai Street, Mission Street, MG Road, Puducherry",MG Road,11.92972,79.82687,"Pizza, Fast Food",400,3.8,Good,1227,53,64,0
3700014,Subway,"317, Ground Floor, Mission Street, MG Road, Puducherry",MG Road,11.93005667,79.83027712,"Healthy Food, Salad, Sandwich, Fast Food, Wraps",500,3.8,Good,1089,61,77,1
3700397,Mango Hill Hotel & Restaurant,"Old Auroville Road, Bommayapalayam, Auroville, Puducherry",Auroville,11.99501,79.846835,"French, North Indian",1200,3.8,Good,109,58,132,0
3701081,Biryani Pot,"Bussy Street, MG Road, Puducherry",MG Road,11.9297703,79.82710741,"Biryani, North Indian, South Indian",450,3.8,Good,4783,48,9,1
18897845,Brownies Bakery And Sweets,"4, Villianur Main Road, Pavazha Nagar, Lawspet, Puducherry",Lawspet,11.93156235,79.80255414,"Bakery, Beverages, Mithai, Rolls, Desserts",100,3.8,Good,452,4,0,1
3700550,Prawn and Crab,"Vallalar Nagar, Ashok Nagar, Lawspet, Puducherry",Lawspet,11.95164704,79.81691804,"Biryani, North Indian, Seafood, South Indian",450,3.8,Good,839,46,72,1
3700696,Theres Fast Food,"13, Church Complex, Vallianur Main Road, Villianur, Puducherry",Villianur,11.93085609,79.79438413,Fast Food,250,3.8,Good,288,4,2,1
19154469,Richy Richy,"390, Villianur Main Road, Nellithop, Villianur, Puducherry",Villianur,11.931953,79.810436,"Ice Cream, Desserts",500,3.8,Good,28,2,20,1
18866190,Richy Rich,"9, krishna nagar main road, Heritage Town, Puducherry",Heritage Town,11.94897048,79.82295569,"Desserts, Sandwich, Burger, Fast Food",200,3.8,Good,1906,5,4,1
3700370,Le Boulevard - Hotel Atithi,"Hotel Atithi, 126, SV Patel Salai, Heritage Town, Puducherry",Heritage Town,11.94203294,79.8308387,"North Indian, Chinese, South Indian, Continental",950,3.8,Good,89,43,76,0
19161227,Friends Pani Poori Corner,"166, Thiruvalluvar Salai, Kuyavarpalayam, Heritage Town, Puducherry",Heritage Town,11.935927,79.815269,Street Food,100,3.8,Good,176,1,0,1
18890563,Blue Moon Restaurant,"Anna Salai, Opposite Ratna Theatre, MG Road, Puducherry",MG Road,11.9321282,79.82429445,"Arabian, Biryani, Chinese, North Indian, Seafood, Lebanese",300,3.8,Good,6896,26,3,1
18874400,Kongu Kitchen,"237, Bussy Street, MG Road, Puducherry",MG Road,11.929889,79.825721,South Indian,400,3.8,Good,49,13,7,0
19415916,Yaa Malik,"158, Lenin Street, Kuyavarpalayam, Heritage Town, Puducherry",Heritage Town,11.936199,79.813219,"Biryani, Arabian, Lebanese, Seafood, BBQ",250,3.8,Good,83,2,0,1
19233479,The Gun BBQ,"42, Vallalar Salai, Kamarajar Nagar, Heritage Town, Puducherry",Heritage Town,11.93759286,79.82158616,"BBQ, Momos, Juices, Desserts",200,3.8,Good,353,50,3,1
18922753,New Arabian Restaurant,"# 160, Kamaraj Salai, Near Brindavanam State Bank, Heritage Town, Puducherry",Heritage Town,11.9385203,79.8174817,"Biryani, Chettinad, North Indian, Chinese, South Indian, Arabian",250,3.8,Good,6270,61,13,0
3701200,Les Saveurs,"36, Dumas Street, Rue Dumas, White Town, Puducherry",White Town,11.926399,79.833784,"French, European",1200,3.7,Good,345,168,327,1
3700409,Les Chefs,"27, Yanam Vengadasalam Pillai Sreet, Crossing Ellaiamman Temple, Bussy Street, Near White Town, Puducherry",White Town,11.92834925,79.8290728,"Biryani, Continental, Fast Food, North Indian, Italian, Mexican",700,3.7,Good,705,176,134,1
18441815,Eat My Cake!,"5 Romain Rolland Street, White Town, Puducherry",White Town,11.92949048,79.83387563,"Cafe, French",400,3.7,Good,151,99,169,0
3700362,Punjabi Dhaba,"1st Floor, 29, Muthumariamman Koil, Behind ICICI Bank, Heritage Town, Puducherry",Heritage Town,11.93943731,79.83219858,North Indian,250,3.7,Good,1508,115,58,1
3700113,Celine's Kitchen,"4, Rue Du Bazar, Saint Laurent, White Town, Puducherry",White Town,11.92745699,79.83371302,"Continental, North Indian",1100,3.7,Good,225,134,252,0
3700258,Zaffron,"80, Kandhan Complex, Anna Salai Complex, Heritage Town, Puducherry",Heritage Town,11.93964265,79.82648246,"Arabian, Biryani, Chinese, Beverages, North Indian, Rolls, Mughlai",800,3.7,Good,1863,102,106,1
3700671,Aasife Biriyani,"120, Naga Progress Avenue ,Bussy Street, MG Road, Puducherry",MG Road,11.92950721,79.82851624,"North Indian, Chinese, Biryani, Mughlai, Seafood",800,3.7,Good,2441,80,72,1
3700027,De Bussy Restaurant,"81, Lal Bahadur Shastri Street, Pondicherry",MG Road,11.92907093,79.83017955,"French, Continental",500,3.7,Good,202,74,71,1
3700431,Junior Kuppanna,"55, Anna Nagar, 100 Feet Road, Ellaipillaichavady, Puducherry",Gandhinagar,11.93409835,79.80772041,"Chettinad, Biryani, Chinese, Tamil, South Indian",300,3.7,Good,538,60,83,1
19005323,Eat Idly - RED,"40, 5th Cross, Jawahar Nagar, Gandhinagar, Puducherry",Gandhinagar,11.92907454,79.8017659,South Indian,150,3.7,Good,106,0,0,1
19207984,Crazy Burger,"4, Lyanar Kovil Street, Ellaipillaichavady, Villianur, Puducherry",Villianur,11.933585,79.807018,"Burger, Fast Food, North Indian, Seafood, Desserts, Beverages",350,3.7,Good,541,5,0,1
18899361,Royale Restaurant,"No: 14, 100 Feet Road, Natesan Nagar, Puducherry, Lawspet, Puducherry",Hotel Palanisamy,11.93050739,79.80735362,"Arabian, Chinese, Continental",200,3.7,Good,57,0,1,0
18897060,JA Arcot Biryani Hotel,"3, 100 Feet Road, Natasan Nagar, ( I G Square), Mudaliarpet, Puducherry",Mudaliarpet,11.93122677,79.80771706,"North Indian, Biryani",250,3.7,Good,1088,8,0,1
3701126,Hotel Runitha,"44, 100 Feet Road, Nadesan Nagar, Mudaliarpet, Puducherry",Mudaliarpet,11.92909815,79.80730366,"South Indian, Biryani",400,3.7,Good,36,10,2,0
19100094,Hotel Geetham,"176/5, ECR Main Road, Lawspet, Puducherry",Lawspet,11.95108483,79.81617909,"South Indian, Chinese, Beverages",250,3.7,Good,1025,27,4,1
3700454,Crescent Pondi,"50 East Coast Road, Opposite Latha Steel, Lawspet, Puducherry",Lawspet,11.94941198,79.81400516,"Arabian, Biryani, Chinese, Rolls, Kerala, Kebab, South Indian",300,3.7,Good,1027,17,48,1
19321633,Richy Rich,"312/10, Vallalar Salai, Opposite to Rainbow Nagar Park White Town, Puducherry",White Town,11.94157,79.822838,"Ice Cream, Desserts, Pizza, Burger, Sandwich, Beverages",500,3.7,Good,0,0,20,0
3700390,Tulip,"Shenbaga Hotel & Convention Centre, 432 MG Road, Muthial Pet, Puducherry",Muthial Pet,11.94281691,79.83050443,"North Indian, Chinese, South Indian",1200,3.7,Good,58,33,81,0
3700411,Food Corner,"10, Anna Salai, Near Anandha Inn Hotel, Heritage Town, Puducherry",Heritage Town,11.94136608,79.82816253,"Biryani, North Indian, Chinese, Arabian, Lebanese, Pizza, Burger, Desserts",250,3.7,Good,3967,17,3,1
19082712,Hotel Janani,"33, Maraimalai Adigal Salai, Orleanpet, Anna Nagar, Gandhinagar, Puducherry",Gandhinagar,11.93148099,79.81737033,"South Indian, Chinese, Biryani",250,3.7,Good,4074,12,1,1
19209176,Al Ajwa Multi Cusine Restaurant,"21, Cuddalore Main Road, Near Providence Mall, MG Road, Puducherry",MG Road,11.9290482,79.8196499,"Arabian, Biryani, Chinese, North Indian, Lebanese, Seafood, BBQ",600,3.7,Good,685,30,9,1
19220540,Sundar Unavagam,"42, Cuddalore Main Road, Mudaliarpet, Puducherry",Mudaliarpet,11.93802717,79.81821558,"South Indian, Chinese",150,3.7,Good,72,0,0,1
19262184,Eat Street,"6, 1st Cross, Brindavanam, Heritage Town, Puducherry",Heritage Town,11.93813932,79.81924016,"North Indian, Chinese",300,3.7,Good,316,3,0,1
19011311,Chai Truck,"57, Venkata Nagar, Kamaraj Salai, Near Jeeva Theatre, Heritage Town, Puducherry",Heritage Town,11.93725398,79.82278939,"Beverages, Desserts, Sandwich",200,3.7,Good,1699,9,40,1
18856767,Sri Raghavendra Iyengars Bakery,"27, Kamaraj Salai, Ilango nagar, White Town, Puducherry",White Town,11.93709489,79.82338082,"Bakery, Mithai",300,3.7,Good,907,10,3,1
3700222,Orange Restaurant,"14, ECR Main Road, Krishna Nagar, Lawspet, Puducherry",Lawspet,11.95400737,79.82122097,"Chettinad, Arabian, Biryani, Chinese, North Indian, Kebab, Seafood, South Indian",500,3.6,Good,792,299,149,1
3700064,La Marée,"Hotel Du Parc, 5, Jawaharlal Nehru Street, Opposite Manakula Vinayakagar Temple, White Town, Puducherry",White Town,11.93527729,79.83383808,"French, Continental, North Indian, South Indian",1400,3.6,Good,169,79,170,1
3700108,Wangs Kitchen,"42, 1st Floor, Ambour Salai, White Town, Puducherry",White Town,11.93497649,79.83253922,"Chinese, Momos",750,3.6,Good,496,111,95,1
3700229,Fortune Bakers & Confectioners,"Reddiarpalayam, Villianur Main Road, Villianur, Puducherry",Villianur,11.93107587,79.79931671,"Bakery, Desserts, Street Food",100,3.6,Good,18,6,3,0
3700154,Sri Aryaas,"No 16, Villianur Main Road, Vivekanandha Nagar, Villianur, Puducherry",Villianur,11.93136553,79.80390999,South Indian,200,3.6,Good,28,8,4,0
19060118,Three Kings Food Court - Burger Box,"9 & 10, Om Shakthi Avenue, Karuvadikuppam Main Road, Near Kottukuppam, Puducherry",Kottukuppam,11.95555357,79.82738605,"Burger, Fast Food, Beverages",300,3.6,Good,44,0,0,1
3701093,Richy Rich,"83 & 84, Ellaipillaichavady, Villianur, Puducherry",Villianur,11.93178508,79.80555117,Cafe,200,3.6,Good,10,0,3,0
19100092,Hotel Paradise Dum Biriyani,"129, Reddiyarpalayam, Opposite IOB Villupuram Main Road, Villianur, Puducherry",Villianur,11.93083247,79.79627576,"Biryani, North Indian, Chinese, Seafood, Beverages",350,3.6,Good,1924,7,8,1
19405661,Crazy Momo Makers,"4, Lyanar Kovil Street, Ellaipillaichavady, Villianur, Puducherry",Villianur,11.933634,79.807016,Momos,250,3.6,Good,37,1,1,1
19153364,M&M,"5, 100 Feet Road, Nadesan Nagar East, Mudaliarpet, Puducherry",Mudaliarpet,11.93101135,79.80779782,"Beverages, Fast Food, Sandwich",100,3.6,Good,37,3,5,0
3700713,New Ar Rahaman,"170, Natesan Nagar, Villianur Main Road, Gandhinagar, Puducherry",Gandhinagar,11.93124186,79.80832189,Biryani,450,3.6,Good,127,12,17,0
18850633,Gobu Food Mall,"33 A, 100 Feet Road, Ellaipillaichavady, Near SBI Bank, Opposite Indiragandhi Women's Hopital, Anna Nagar, Mudaliarpet, Puducherry",Mudaliarpet,11.93595171,79.80787195,"Fast Food, North Indian, South Indian",400,3.6,Good,583,2,10,1
3700129,Thangam Sweets,"9, Koil Street, Airport Road, Pakkamudaiyanpet, Lawspet, Puducherry",Lawspet,11.94920533,79.8114232,"Bakery, Desserts, Fast Food",200,3.6,Good,4,1,4,0
19329285,Meat And Eat,"32, Ecr Road, Pakkamudayanpet, In Front Of Hotel Vasantha Bhavan, Lawspet, Puducherry",Lawspet,11.94748655,79.81206525,"Burger, Sandwich, Wraps, Beverages",350,3.6,Good,100,10,6,1
18863720,RKN Hotel,"68, Bharathi Street, TV Nagar, Puducherry - 605001",Heritage Town,11.94172624,79.8283248,North Indian,500,3.6,Good,55,0,0,0
18995036,Curry Soru,"131 Perumal Koil street Opposite Sedhu Nursing Home, Heritage Town, Puducherry",Heritage Town,11.94088389,79.82815951,"South Indian, Biryani, North Indian",300,3.6,Good,2888,9,8,1
3700371,Rue 126 - Hotel Atithi,"Hotel Atithi, 126, SV Patel Salai, Heritage Town, Puducherry",Hotel Atithi,11.94183843,79.83091179,Cafe,400,3.6,Good,6,1,3,0
19296369,Pizza Hut,"Shop 42, Third Floor, Providence Mall, 07, Venkata Subha Reddiar Salai, MG Road, Puducherry",MG Road,11.929178,79.820006,"Pizza, Fast Food, Finger Food, American",600,3.6,Good,350,4,17,1
18993425,All Juiced Up,"7, Providence Mall, Venkata Subbha Reddiya, MG Road, Puducherry",MG Road,11.929052,79.820051,"Beverages, Juices, Desserts",150,3.6,Good,138,0,3,1
19224228,Crispy King,"250, Lal Bahadur Sastri Street, MG Road, Puducherry",MG Road,11.93020896,79.82490435,"Burger, Sandwich, Rolls, Beverages",150,3.6,Good,226,7,2,1
19007081,Hotel Karuppanna,"158, Lenin street, Saram, Heritage Town, Puducherry",Heritage Town,11.9360698,79.81322195,"South Indian, Chinese, Biryani",250,3.6,Good,1987,10,12,0
18958694,Sri Kaliappa Chettinadu Hotel,"34, Kamaraj Salai, Near Jeeva Theater, Opposite GRT Jewellers, Heritage Town, Puducherry",Heritage Town,11.93721462,79.8217668,"South Indian, Biryani",300,3.6,Good,380,6,0,1
18466051,Wang's Kitchen,"Shop 96, Kamaraj Salai, Near GRT Jewellers & Jayaram Hotel, Near MG Road, Puducherry",MG Road,11.93726612,79.82203603,"Chinese, Momos",700,3.6,Good,337,77,51,1
19207302,Juisome,"57, Kamaraj Salai, Heritage Town, Puducherry",Heritage Town,11.93727961,79.82279443,"Beverages, Juices, Fast Food, Burger, Sandwich",200,3.6,Good,191,2,0,1
19219564,Kings Den Cafe,"72, Kamaraj Salai, MG Road, Puducherry",MG Road,11.93737641,79.82313208,"Juices, Sandwich, Fast Food, Pizza",200,3.6,Good,717,9,2,1
19196377,Momo Point,"228 A, Vazhvdhavur Road, Kathirkamam, White Town, Puducherry",White Town,11.94160271,79.79664924,Momos,120,3.6,Good,272,4,0,1
3700025,Asian House,"7, South Beach Boulevard, Next Dupleix Statue, White Town, Puducherry",White Town,11.92531883,79.83338546,"Chinese, Continental, North Indian, Thai",900,3.5,Good,411,191,235,1
3701163,Chitra's Cuisine,"31, Suffren Street, White Town, Puducherry",White Town,11.927572,79.832794,"Continental, Fast Food, North Indian, Italian, South Indian, Chinese",500,3.5,Good,1574,125,124,1
3700510,Le Café Chaplin,"80 Ambour Salai, Kandappa Street, White Town, Puducherry",White Town,11.92948622,79.83159207,"Cafe, Continental, Fast Food",650,3.5,Good,65,35,93,0
19097744,Hari Mess,"5, Third Cross, Jawahar Nagar, White Town, Puducherry",White Town,11.93043333,79.80329654,"South Indian, North Indian",300,3.5,Good,146,2,1,1
19337443,Shawarma Planet,"11, College Road, Lawspet, Puducherry",Lawspet,11.95540598,79.81847372,"Lebanese, Arabian, North Indian",250,3.5,Good,508,10,6,1
19168569,En-Gulf Mandi,"187/1, 1st Floor, Opposite New Paris Mahal, Muthial Pet, Puducherry",Muthial Pet,11.953592,79.829086,"Arabian, Biryani, North Indian, Beverages",300,3.5,Good,84,11,16,1
19341780,Shakes And Shawarma,"83, Vazhudavur Road, Koundarpalaym, White Town, Puducherry",White Town,11.941815,79.801968,"Lebanese, Beverages",300,3.5,Good,51,9,1,1
19223020,Indhu's Kitchen,"119, Vazhudavur Road, Koundanpalayam, Gandhinagar, Puducherry",Gandhinagar,11.94195432,79.80033726,"South Indian, Chinese",200,3.5,Good,66,6,5,1
19487678,Chef Monty's Xtra Cheese Please,"16, Vellavarai Street, Muthyalpet, Muthial Pet, Puducherry",Muthial Pet,11.954136,79.831456,"Pizza, Burger, Fast Food",300,3.5,Good,58,2,14,1
18963408,ATHIRA Sweets & Snacks - Home Special,"348/A M.G.Road, Muthialpet, Puducherry",Muthial Pet,11.94834266,79.83163029,"Desserts, Fast Food",250,3.5,Good,229,3,5,1
3700130,Richy Rich,"No 17, Selvainayagar Street, Airport Road, Kottupalayam, Lawspet, Puducherry",Lawspet,11.94842138,79.81277168,"Ice Cream, Desserts",500,3.5,Good,18,5,4,0
3701089,Hotel Aryaas,"30, Airport Road, Lawspet, Puducherry",Lawspet,11.95039634,79.81006365,South Indian,200,3.5,Good,668,7,2,1
3700413,Marilyn,"Shenbaga Hotel & Convention Centre, 432 MG Road, Muthial Pet, Puducherry",Muthial Pet,11.94261518,79.8301021,Finger Food,850,3.5,Good,6,3,4,0
18872489,The Milk Shop,"170, Anna Salai, Thiruvalluvar Nagar, Heritage Town, Puducherry",Heritage Town,11.94179513,79.82833754,"Drinks Only, Beverages",400,3.5,Good,185,2,0,1
19345721,Oui Crepe,"7, Third Floor, Food Court, Providence Mall, Venkata Subha Reddiar Salai, MG Road, Puducherry","Providence Mall, MG Road",11.929092,79.819886,"Fast Food, Beverages",500,3.5,Good,27,3,11,1
18993282,Cream Boat,"7, Providence Mall, Venkata Subbha Reddiyar, MG Road, Puducherry","Providence Mall, MG Road",11.929052,79.820051,"Ice Cream, Beverages",200,3.5,Good,93,2,0,1
18972606,Al-Madani Mughal Biryani,"197, Thiruvalluvar Salai, Pillaithotam, Heritage Town, Puducherry",Heritage Town,11.93594187,79.8157439,"Biryani, Arabian",300,3.5,Good,803,4,2,1
3700270,Indian Coffee House,"116, Vazhudavur Road, Thelaspet, Gandhinagar, Puducherry",Gandhinagar,11.94158333,79.79665278,South Indian,200,3.5,Good,18,8,4,0
3700927,Brewbakes Cafe & Bistro,"22, Ground Floor, Kosakadai Street, MG Road, Puducherry",MG Road,11.93644638,79.83184822,"Cafe, Pizza, Beverages",200,3.4,Average,515,32,142,1
19169939,Kamireddy Foods,"53, Villianur Main Road, Reddiyarpalayam, Villianur, Puducherry",Villianur,11.93132,79.800656,"South Indian, North Indian, Chinese",300,3.4,Average,132,2,2,1
18967159,Spice N Rice,"Shop 135/10, East Cost Main Road, Near HP Petrol Pump, Lawspet, Puducherry",Lawspet,11.9539913,79.8210815,"North Indian, South Indian, Chinese",200,3.4,Average,87,2,2,0
18899253,Tasty Bites,"47 Villianur Main Road , Reddiar Palayam, MG Road, Puducherry",MG Road,11.93121398,79.80062731,"Sandwich, Fast Food, Beverages, Pizza, Biryani",150,3.4,Average,1251,9,21,1
3701127,Fish O Fish,"34, 100 Feet Road, Nadesan Nagar, Mudaliarpet, Puducherry",Mudaliarpet,11.92919689,79.80730902,"Seafood, North Indian",350,3.4,Average,263,4,2,1
3700621,Aasife Briyani,"84, 100 Feet Road, Ellaipillaichavadi, Anna Nagar, Gandhinagar, Puducherry",Gandhinagar,11.93419119,79.80720073,"North Indian, Biryani",500,3.4,Average,446,29,44,1
3700290,Sri Krishna Bhavan,"75, 100 Feet Road, Ellipilliaichavady, Gandhinagar, Puducherry",Gandhinagar,11.93299092,79.80774019,South Indian,250,3.4,Average,9,3,4,0
3701057,Halal Thalapakattu Biriyani,"181, Villianur Main Road, Reddiyarpalayam, Villianur",Villianur,11.93080393,79.79244992,Biryani,250,3.4,Average,8,0,0,0
19128184,Jayas Pazhamudir,"23, Rainbow Nagar, 10th Cross Cutting, White Town, Puducherry",White Town,11.94517736,79.8268672,"Juices, Beverages, Desserts",100,3.4,Average,93,2,7,1
19023183,Creams & Cakes,"1, Venkata Nagar, Puducherry, Heritage Town, Puducherry",Heritage Town,11.94170689,79.82172389,"Bakery, Beverages, Cafe",300,3.4,Average,436,0,20,1
3700346,Vaniyambdi Biryani,"243, SV Patel Salai, Near Anandha Marriage, Heritage Town, Puducherry",Heritage Town,11.94171608,79.82902855,"Biryani, South Indian",150,3.4,Average,385,3,3,1
3700369,Just White - Hotel Atithi,"Hotel Atithi, 126, SV Patel Salai, Heritage Town, Puducherry",Heritage Town,11.94206148,79.83080685,Finger Food,1000,3.4,Average,7,3,12,0
3700686,Bawarchi Restaurant,"27, Anna Salai, Puducherry",Villianur,11.94068445,79.82747387,Hyderabadi,500,3.4,Average,28,13,13,0
19287578,Sai Saravana Bhavan,"62, Anna Salai, MG Road, Puducherry",MG Road,11.94040669,79.82702866,South Indian,200,3.4,Average,33,11,4,1
3700991,Chaat Lounge,"Providence Mall, Cuddalore Road, Ambedkar Nagar, Orleanpet, Puducherry",MG Road,11.92882293,79.8202889,Street Food,300,3.4,Average,17,0,1,0
3700327,Hotel Abi Krishna,"Plot 1, 2 & 3, First Cross, Pon Nagar, Jawahar Nagar, Reddiarpalayam, Villianur, Puducherry",Reddiarpalayam,11.930334,79.80022,"South Indian, North Indian",150,3.3,Average,192,2,0,1
3700248,Arun Ice Cream,"94, Villianur Main Road, Reddiarpalyam, Villianur, Puducherry",Villianur,11.93122546,79.79933616,"Ice Cream, Desserts",100,3.3,Average,14,0,3,0
19162718,ABN Kitchen,"11, Airport Road, Pakkamudayanpet, Lawspet, Puducherry",Lawspet,11.949537,79.811014,"Biryani, Chinese, Beverages",500,3.3,Average,14,2,0,0
19270362,Darwin's Resto Pub,"Hotel Akrida, 410, Mahatma Gandhi Road, Muthial Pet, Puducherry",Muthial Pet,11.94374314,79.83058298,"Bar Food, Finger Food",1000,3.3,Average,16,13,2,0
3701019,Kattabomman Biriyani,"68, Bharathi Street, TV nagar, Near Anandha Inn, Puducherry - 605001",Heritage Town,11.94179907,79.82832413,"Chettinad, Biryani, North Indian, South Indian",500,3.3,Average,177,10,12,1
3700347,The Royal,"2A, Anna Salai, Near Anandha Marriage Hall, Heritage Town, Puducherry",Hot Cold Bar & Restaurants,11.94136509,79.82825674,"Chinese, North Indian, South Indian, Continental",300,3.3,Average,4,1,8,0
19197644,Cosy-Resto-Pub,"26, Anna Salai, MG Road, Puducherry",MG Road,11.94034699,79.82673697,"North Indian, South Indian, Biryani, Arabian, Chinese, Italian, Ice Cream, Beverages",950,3.3,Average,24,9,26,0
18993307,House Of Biryani,"7, Providence Mall, Venkata Subbha Reddiya, MG Road, Puducherry","Providence Mall, MG Road",11.92920575,79.8198108,Biryani,400,3.3,Average,387,3,3,1
3700451,Thindukal Thalapakattu Biriyani,"236, Anna Salai, Near Ratna Threater, MG Road, Puducherry",MG Road,11.93211639,79.82407585,"Biryani, Fast Food, South Indian, North Indian",200,3.3,Average,694,13,3,1
3700303,Hot Chips,"403, Anna Salai, MG Road, Puducherry",MG Road,11.933425,79.82443333,"South Indian, North Indian, Street Food",350,3.3,Average,3924,36,20,1
19354046,Smoothie Kafe,"7, Chinna Sandhu, Pillaithottam, White Town, Puducherry",White Town,11.937615,79.819333,"Beverages, Juices, Fast Food",300,3.3,Average,14,6,1,1
3700981,Level 4 Sports Bar,"237, Bussy Street, MG Road Area, Puducherry",MG Road,11.92998811,79.82568383,"Chinese, Indian, Chettinad, Continental",1200,3.3,Average,12,4,7,0
18863891,KONGU KITCHEN - THE TASTE OF KONGU NADU,"#237 Lal Bahadur Sastri Street, Pondicherry, MG Road, Puducherry",MG Road,11.92991431,79.8257301,South Indian,300,3.3,Average,13,4,11,0
19525968,MGR Vilas,"36, Kundusalai Main Road, Mariamman Nagar, Karamanikuppam, Mudaliarpet, Puducherry",Mudaliarpet,11.927547,79.808292,"Biryani, South Indian",300,3.3,Average,7,5,1,1
3701114,Fish n Dish,"93, Lawspet Main Road, Opposite Iyyanar Temple, Lawspet, Puducherry",Lawspet,11.95508192,79.8190913,"Seafood, South Indian",250,3.2,Average,4,0,2,0
3700890,Green Chilli Multi-Cuisine Restaurant,"6, ECR Road, Krishna Nagar, Lawspet, Puducherry",Lawspet,11.95286329,79.81964249,South Indian,500,3.2,Average,4,1,4,0
19149655,Richy Rich - Cherry Berry Ice Creams,"180/2, E.C.R Road, Near Sankara Vidhyalaya School, Lawspet, Puducherry",Lawspet,11.951797,79.817548,"Fast Food, Desserts",350,3.2,Average,102,3,0,1
18985157,Seven Hills Resorts & Conventional  Centre,"10, 100 Feet Road, Nadesan Nagar, MG Road, Puducherry",MG Road,11.93004716,79.80739854,"Chinese, Continental",250,3.2,Average,264,2,0,0
19091140,Hotel Madurai Express,"Door 7, First Floor, 100 Feet Road, Natesan Nagar, Gandhinagar, Puducherry",Gandhinagar,11.93115568,79.80774753,"South Indian, North Indian, Chettinad, Seafood",250,3.2,Average,40,3,3,1
19252600,Vendhar Food Point,"78, Vazhudhavur Main Road, VVP Nagar, Gandhinagar, Puducherry",Gandhinagar,11.94196088,79.8036176,South Indian,200,3.2,Average,9,4,0,0
19098097,Banana Leaf's Kitchen,"410, MG Road, Muthial Pet, Puducherry",Muthial Pet,11.94321149,79.83050716,"North Indian, Arabian, South Indian, Biryani",300,3.2,Average,513,10,29,1
3700812,Gokulam,"154, S V Patel Salai, Anandha Inn, Heritage Town, Puducherry",Heritage Town,11.94205984,79.82870568,North Indian,1200,3.2,Average,5,1,7,0
19121806,The Puducherry Kitchen,"68, Canteen Street, Heritage Town, Puducherry, 605001",Heritage Town,11.94217629,79.82933532,"North Indian, Chinese, Continental, Desserts",700,3.2,Average,40,14,5,1
18993194,Zapak,"7, Providence Mall, Venkata Subbha Reddiyar, MG Road, Puducherry","Providence Mall, MG Road",11.929052,79.820051,"Pizza, European",500,3.2,Average,272,3,3,1
19258844,Banyan Tea House,"6, 1st Cross, Brindavanam, Heritage Town, Puducherry",Heritage Town,11.93813377,79.81924124,"Beverages, Fast Food, Desserts, Momos",250,3.2,Average,56,0,0,1
3700869,Food Paradise,"D 182, 100 Feet Road, Ozhandai Keerapalaiyam, Mudaliarpet, Puducherry",Mudaliarpet,11.91958627,79.80872121,Fast Food,350,3.2,Average,16,3,1,0
3700707,J.P Bar & Restaurant,"19, Villianur Main Road, Reddiyarpallam, Villianur, Puducherry",Villianur,11.93108867,79.80086636,"North Indian, South Indian, Biryani",400,3.1,Average,6,0,5,0
19108898,Orange Cafe,"14 ECR, Lawspet, Puducherry",Lawspet,11.953692,79.821138,"Cafe, Continental, Italian",300,3.1,Average,10,3,10,0
18935939,French Corner,"1A, Anna Nagar, 100 Feet Road, Mudaliarpet, Puducherry",Mudaliarpet,11.93205439,79.80775729,"Bakery, Desserts",200,3.1,Average,4,0,0,0
3700259,Chicko Chick Fast Food,"66, Vazhudavur Road, Gandhinagar, Puducherry",Gandhinagar,11.94183351,79.80245423,Fast Food,200,3.1,Average,14,2,3,0
18286921,La Table Du Chef - Hotel Bon Sejour,".252, Lenin Street, Kosapalayam, MG Road, Puducherry",MG Road,11.93362425,79.81202209,"Chinese, Continental, Indian, South Indian",1200,3.1,Average,11,5,15,0
3700372,Terrace Grill - Hotel Atithi,"Hotel Atithi, 126, SV Patel Salai, Heritage Town, Puducherry",Heritage Town,11.94218121,79.83088966,North Indian,1300,3.1,Average,49,26,54,0
3701166,The Shake Joint,"SVP Road, Heritage Town, Puducherry, Heritage Town",Heritage Town,11.94186237,79.83053025,"Beverages, Juices",200,3.1,Average,251,4,11,1
3700373,Toxic - Hotel Atithi,"Hotel Atithi, 126, SV Patel Salai, Heritage Town, Puducherry",Hotel Atithi,11.94191158,79.8310278,Finger Food,1000,3.1,Average,38,8,5,0
3700074,Bistro Multi Cuisine Restaurant,"140, Maraimagal Adigal Salai, Near New Bus Stand, MG Road, Puducherry",MG Road,11.93223,79.818055,"North Indian, South Indian, Chinese",500,3.1,Average,8,4,3,0
18993284,Thainese,"7, Providence Mall, Venkata Subbha Reddiyar, MG Road, Puducherry","Providence Mall, MG Road",11.929052,79.820051,Chinese,300,3.1,Average,204,3,3,1
3700300,The Cake Point,"484,Anna Salai, MG Road, Puducherry",MG Road,11.93125629,79.82397594,"Bakery, Desserts, Fast Food",400,3.1,Average,7,1,5,0
3700231,The Cake Point,"209/5A, City Plaza, Balaji Nagar, Villianur, Puducherry",Villianur,11.93097714,79.78913404,"Bakery, Desserts, Fast Food",150,3.1,Average,10,2,3,0
3700159,Earth Cafe - Palais De Mahe,"Door 4, Rue Bussy Street, Lal Bahadur Shastri Road, Opposite Profile Studio, White Town, Puducherry",Palais De Mahe,11.92831185,79.83397152,Cafe,800,3,Average,56,23,50,0
3700053,Kasha Ki Aasha,"23, Surcouf Street, Near Lycee French School, White Town, Puducherry",White Town,11.93045556,79.83142222,Continental,700,3,Average,78,48,83,0
3700131,Hotel Kathiiraa,"22, College Main Road, Lawspet, Puducherry",Lawspet,11.95543616,79.81842946,South Indian,100,3,Average,8,2,2,0
3700045,Cafe Coffee day,"Inside Hotel Ginger, Karuvadikuppam Oulgaret Municipality, Muthial Pet, Puducherry",Muthial Pet,11.95243294,79.82939903,"Beverages, Cafe, Sandwich, Fast Food, Desserts",650,3,Average,18,3,16,0
19328612,Arabian Bistro,"199, Vazhudavur Road, Thilaspet, Gandhinagar, Puducherry",Gandhinagar,11.941859,79.798272,Arabian,150,3,Average,26,5,16,1
3700717,Hyderabadi Briyani & Fast Food,"21, Airport Road, Lawspet, Puducherry",Lawspet,11.95731857,79.80981387,"Fast Food, Biryani",200,3,Average,8,0,2,0
3700228,Viruthunagar,"22, Airport Road, Lawspet, Puducherry",Lawspet,11.95748611,79.80950833,"South Indian, Ice Cream, Desserts",300,3,Average,6,0,4,0
3700350,Ozone Bar,"Rooftop, 2A, Anna Salai, Near Anandha Marriage Hall, Heritage Town, Puducherry",Heritage Town,11.9414553,79.8281233,"Chinese, North Indian, South Indian, Continental",300,3,Average,7,3,6,0
3700022,Villa Helena,"13, Bussy Street, White Town, Puducherry",White Town,11.92840075,79.83253587,"Continental, Italian",1200,2.9,Average,285,155,286,0
3700093,Appachi,"9, Rangapillai Street, MG Road Area, MG Road, Puducherry",MG Road,11.93589529,79.83009741,"Chettinad, Seafood",400,2.9,Average,159,90,101,0
3700182,Ponnusamy Hotel,"5, ECR Main Road, Near Vivekananda College, Lawspet, Puducherry",Lawspet,11.95321688,79.81972028,"Biryani, Chettinad, South Indian, Tamil, Andhra, Arabian, Chinese, Hyderabadi",600,2.9,Average,2922,42,23,1
3700291,Hotel Ariya Bhavan,"76, 100 Ft Road, Ellipilliaichavady, Gandhinagar, Puducherry",Gandhinagar,11.93295287,79.80771102,"South Indian, Chinese, North Indian",300,2.9,Average,10,4,9,0
3700084,Ecstasy – Anandha Inn,"Hotel Anandha Inn, 154, SV Patel Salai, Heritage Town, Puducherry",Heritage Town,11.94181317,79.82854877,Finger Food,800,2.9,Average,9,0,5,0
3700020,Satsanga,"54, Rue Labourdonnais, Beach Road, Near Law College & Public Works Department, White Town, Puducherry",White Town,11.92544906,79.83180128,"Italian, Seafood, North Indian",1000,2.8,Average,207,116,149,0
3700348,Spice Box,"2A, Anna Salai, Near Anandha Marriage Hall, Heritage Town, Puducherry",Heritage Town,11.94142381,79.82806262,"Chinese, North Indian, South Indian, Continental",300,2.8,Average,6,2,18,0
18993293,Go South,"7, Providence Mall, Venkata Subbha Reddiya, MG Road, Puducherry","Providence Mall, MG Road",11.929052,79.820051,"South Indian, Chettinad",400,2.8,Average,366,3,2,1
3701102,Fujian Express,"Providence Mall, Cuddalore Road, Orleanpet, Puducherry, MG Road, Puducherry","Providence Mall, MG Road",11.92894398,79.82036769,Chinese,600,2.8,Average,16,8,3,0
19146720,Sun Ice Cream Parlour,"33 Karuvadikuppam Road, Muthial Pet, Puducherry",Muthial Pet,11.94980327,79.83131182,"Pizza, Burger, Sandwich, Chinese, Beverages, Desserts, Ice Cream",250,2.7,Average,25,1,0,1
3700748,Sri Karpaga Vinayagar Chettinadu Mess,"203, Maraimalai Adigal Salai, Orleanpet, Mudaliarpet, Puducherry.",Mudaliarpet,11.93184708,79.81519707,South Indian,300,2.7,Average,6,1,3,0
3701092,Abi's,"112, Senthamarai Street, Muthialpet, Puducherry, Muthial Pet, Puducherry",Muthial Pet,11.9517684,79.83034585,South Indian,500,2.6,Average,6,2,2,0
3701104,Nagas,"Providence Mall, Cuddalore Road, Orleanpet, Puducherry, MG Road, Puducherry","Providence Mall, MG Road",11.92889051,79.82037641,Andhra,450,2.6,Average,7,2,3,0
3700035,Mayura,"Hotel Ram International, 398, Anna Salai, Heritage Town, Puducherry",Heritage Town,11.93391499,79.82393134,"North Indian, Chinese",1000,2.6,Average,11,6,14,0
3700334,Hotel Buhari,"175, MMA Salai, MG Road, Puducherry",MG Road,11.9318356,79.81560174,"Biryani, South Indian, Chinese, North Indian",350,2.5,Average,4,3,4,0
3700069,Le Cafe,"Beach Road, Near Gandhi Statue, White Town, Puducherry",White Town,11.93159679,79.83566064,Cafe,450,2.3,Poor,1589,1058,1250,0
3700026,Sea Gulls Restaurant,"19, Rooftop, Dumas Street, Port Road, White Town, Puducherry",White Town,11.92437145,79.83383037,"Continental, North Indian, Italian, Seafood",1000,2.1,Poor,256,157,101,0
3700161,Madame Shanthe's,"41A, Romain Rolland Street, Near Studio Profile, White Town, Puducherry",White Town,11.9285628,79.83365703,"Continental, Chinese, North Indian",640,2,Poor,478,287,148,0
3700769,Aash Restuarant,"Puducherry - Vilupuram Road, Kavery Nagar, Thanthai Periyar Nagar, Villianur, Puducherry",Villianur,11.931171,79.80086401,South Indian,300,0,Not rated,0,0,0,0
3700702,Amutham,"10, Villianur Main Road, Reddiarpalyam, Villianur, Puducherry",Villianur,11.93135,79.80041389,Fast Food,150,0,Not rated,0,0,2,0
3700212,Nalas,"46-A, Pavazha Nagar, Villianur Main Road, Villianur, Puducherry",Villianur,11.93142687,79.80215415,"South Indian, Chinese",200,0,Not rated,3,0,3,0
3701064,Hotel Manikandan,"Ajeesh Nagar, Villianur Main Road, Villianur",Villianur,11.93122578,79.80003353,"South Indian, Chinese",200,0,Not rated,0,0,2,0
3700241,Hyderabad Biryani Hotel,"39, Pavazha Nagar, Villianur Main Road, Villianur, Puducherry",Villianur,11.93149444,79.80229933,Biryani,200,0,Not rated,3,0,3,0
3701053,Sri Krishna Hotel,"43, Villianur Main Road, Pudhucherry",Villianur,11.93144983,79.80256855,South Indian,250,0,Not rated,0,0,0,0
3700152,Sai Prabhu Hotel,"338, Villianur Main Road, Nellithopu, Villianur, Puducherry",Villianur,11.931476,79.802642,"South Indian, Street Food",100,0,Not rated,0,0,0,0
19488380,CoolCat Pure Veg - Reddiyarpalayam,"25, Villianur Road, Victoria Nagar, Villianur, Puducherry",Villianur,11.931507,79.803912,"South Indian, Chinese, Beverages",200,0,Not rated,0,0,0,0
3701066,Aarya Coffee Bar,"10, Vivekanda Nagar, Villianur Main Road, Villianur",Villianur,11.93178016,79.80426472,"Beverages, Juices",200,0,Not rated,0,0,2,0
3700133,Bismilla,"20-25, Lawspet Main Road, Pettichettypettai, Lawspet, Puducherry",Lawspet,11.95685641,79.82136883,Fast Food,150,0,Not rated,0,0,2,0
19483146,Hotel Arun,"11, Airport Main Road, Pakkamudanpet, Lawspet, Puducherry",Lawspet,11.955788,79.818087,"Chinese, South Indian",250,0,Not rated,0,0,0,0
19153746,Three Kings Food Court - Mumbai Kulfi,"9 & 10, Om Shakthi Avenue, Karuvadikuppam Main Road, Kottukuppam, Puducherry",Kottukuppam,11.95555357,79.82738605,"Desserts, Ice Cream",300,0,Not rated,9,2,0,1
3700124,JM Hotel,"Lawspet Main Road, Lawspet, Puducherry",Lawspet,11.95426944,79.81801667,South Indian,150,0,Not rated,0,0,3,0
19068167,Prince Park Farm House,"Auroville Road, Chinna Kattu Kuppam, Villupuram, Auroville, Puducherry",Auroville,11.965349,79.824696,South Indian,800,0,Not rated,0,0,0,0
3701094,The Square Meal,"Inside Hotel Ginger, Karuvadikuppam, Muthialpet, Muthial Pet, Puducherry",Muthial Pet,11.95240736,79.82947446,"North Indian, Continental",700,0,Not rated,3,2,2,0
19359389,Shawarma Corner,"15, 4th Cross Street, Victoria Nagar, Near Oulgaret Municipality, Puducherry",Villianur,11.93011,79.804108,"Lebanese, Chinese, Biryani, Beverages, Rolls",250,0,Not rated,2,2,3,1
3700251,Shree Pandian Hotel,"9, Villianur Main Road, Victoria Nagar, Villianur, Puducherry",Villianur,11.93163222,79.80442129,South Indian,100,0,Not rated,2,0,2,0
19011998,Winner Food Company,"120, 2nd Main Road, Cauvery Nagar, Reddiarpalayam, Gandhinagar, Puducherry",Gandhinagar,11.9291513,79.79755953,Biryani,200,0,Not rated,1,0,0,0
3701212,Yellow Point,"Villianur Main Road, Gundu Salai Road, Natesan Nagar, Villianur, Puducherry",Villianur,11.931478,79.805795,Fast Food,150,0,Not rated,1,0,0,0
3700699,Reddiar Hotel,"Church Complex, Vallianur Main Road, Villianur, Puducherry",Villianur,11.93083182,79.79477037,"South Indian, Street Food",150,0,Not rated,0,0,4,0
3700242,Nalas,"17, Velayudham Complex, Natesan Nagar, Villianur, Puducherry",Villianur,11.93164468,79.8075407,South Indian,350,0,Not rated,1,0,2,0
3700633,Kovai Restaurant,"35, Ellaipillaichavady Main Road, 100 Feet Road, Puducherry, Gandhinagar, Puducherry",Gandhinagar,11.9350352,79.80684198,South Indian,200,0,Not rated,1,1,7,0
3701122,Restro Bar Pergola,"100 Feet Road, Near Indira Gandhi Square, Gandhinagar, Puducherry",Gandhinagar,11.93191695,79.80806306,Drinks Only,500,0,Not rated,3,0,2,0
3700266,Paradise Corner,"217,Vazhudavur Road, Gandhinagar, Puducherry",Gandhinagar,11.937375,79.797425,"Bakery, Desserts, Fast Food",150,0,Not rated,2,0,4,0
18899260,Samudra,"4, 100 Feet Road, Near IG Statue, Natesan Nagar, Lawspet, Puducherry",Lawspet,11.92789164,79.80745252,"Chinese, Continental",250,0,Not rated,2,0,15,0
3701075,Aarya Coffee Bar,"100 Feet Road, Ellaipillaichavady, Gandhinagar, Puducherry",Gandhinagar,11.9354951,79.80747532,Beverages,150,0,Not rated,0,0,1,0
3700493,Hotel Annalakshmi,"35, Ellaipillaichavady, Gandhinagar, Puducherry",Gandhinagar,11.93554398,79.80752293,"Tamil, South Indian",250,0,Not rated,10,0,2,0
19312361,Veeras Biryani,"5, 100 Feet Road, Ellaipillaichavady",Gandhinagar,11.935677,79.807834,"North Indian, Chinese",300,0,Not rated,9,5,0,1
3700230,New Madras,"No 181, Villianur Main Road, Opposite Election Office, Reddiarpalyam, Villianur, Puducherry",Villianur,11.930714,79.792561,"Street Food, Chinese, Biryani",250,0,Not rated,0,0,3,0
3701091,French Resto Bar,"35, Ellaiillaichavady Main Road, 100 Feet Road, Near North.T Mahal Gandhinagar",Gandhinagar,11.93627384,79.8085016,"Continental, Finger Food",1000,0,Not rated,1,0,1,0
18929340,Glacier Cafe,"70, Kamalam Nagar, Jaya Nagar Main Road, Reediyarpalayam, Gandhinagar, Puducherry",Gandhinagar,11.93121299,79.791888,"Fast Food, Desserts",100,0,Not rated,2,0,0,0
19336098,Sri Vidhya Bhavan,"72, Kamalam Nagar, Jaya Nagar, Reddiarpalayam, Gandhinagar, Puducherry",Gandhinagar,11.93108352,79.79160399,"South Indian, Chinese",150,0,Not rated,0,0,0,1
3701078,Hotel Vijay Bhavan,"82, Vazhudhavur Road V.V.P Nagar, Gandhinagar, Puducherry",Gandhinagar,11.94148351,79.80387446,South Indian,50,0,Not rated,2,0,2,0
3700287,Aruna Unavagam,"7, Praba Complex, Mohan Nagar, Gandhinagar, Puducherry",Gandhinagar,11.93917588,79.80826322,South Indian,100,0,Not rated,0,0,2,0
3701080,Madurai Sri Muniyandi Vilas,"119, Vazhudhavur Road, Ghandhinagar, Gandhinagar, Puducherry",Gandhinagar,11.94183023,79.80034065,South Indian,200,0,Not rated,1,0,0,0
3700119,Sri Lakshmi Cafe,"No 43, Lawspet Road, Near Kamaraj Salai, Lawspet, Puducherry",Lawspet,11.94025,79.80686111,South Indian,150,0,Not rated,0,0,3,0
3700262,French Corner Delight,"123, Opposite Revenue Office, Vazhudavur Road, Gandhinagar, Puducherry",Gandhinagar,11.94183351,79.80013009,"Bakery, Desserts, Fast Food",200,0,Not rated,3,0,2,0
3700968,Vitamin Corner,"D112, Villianoor Road, Opposite Water Tank, Mudaliarpet",Mudaliarpet,11.9225905,79.8069317,"Fast Food, Beverages",200,0,Not rated,3,0,0,0
3701079,Suvai Virumbi,"108, Vazhudhavur Road, Kavundanpalayam, Gandhinagar, Puducherry",Gandhinagar,11.94191846,79.8015976,Beverages,100,0,Not rated,0,0,0,0
19275364,Paradise Dum Biryani - Hot Spot,"199, Vazhudavur Road, Thilawspet, Gandhinagar, Puducherry",Gandhinagar,11.94189823,79.79835142,"Biryani, North Indian, Chinese, Beverages",350,0,Not rated,5,1,0,1
3700268,Ameer Mahal Hotel,"210, Vazhudavur Road, Gandhinagar, Puducherry",Gandhinagar,11.94162751,79.79713172,South Indian,100,0,Not rated,0,0,4,0
3701077,Vendhar,"54, Vazhudhavur Road, Pettiachathiram, Gandhinagar, Puducherry",Gandhinagar,11.94164293,79.80526384,South Indian,200,0,Not rated,1,0,2,0
19321337,Mint O Mint,"6, East Coast Road, Opposite Amudasurabhi Petrol Bunk, Lawspet, Puducherry",Lawspet,11.950967,79.816011,"South Indian, Biryani",300,0,Not rated,7,0,0,1
19327044,Breezy Cafe,"1, ECR Road, Kottaimedu, Kottukuppam, Puducherry",Kottukuppam,11.950053,79.814739,"Fast Food, North Indian, Beverages",200,0,Not rated,2,2,0,0
19137750,My Kitchen Cafe,"33, St Rosario Street, Muthial Pet, Puducherry",Muthial Pet,11.954961,79.834135,Cafe,300,0,Not rated,0,0,0,0
19440848,Le Food Mount,"448, Ambedkar Nagar, Airport Road, Lawspet, Puducherry",Lawspet,11.955661,79.809619,Chinese,300,0,Not rated,0,0,0,0
3701112,Happy Fast Food,"4, ECR Main Road, Opposite Latha Steel, Kottupalayam, Lawspet, Puducherry",Lawspet,11.94846599,79.81309891,Biryani,200,0,Not rated,1,0,1,0
18946720,Suvai Virundhagam,"151 M.G. Road, Muthial Pet, Puducherry",Muthial Pet,11.94838202,79.81301039,South Indian,200,0,Not rated,0,0,0,0
3701111,Hotel Sri Guruvayur,"2, Airport Road, Kottupalayam, Lawspet, Puducherry",Lawspet,11.94847649,79.81274184,South Indian,150,0,Not rated,0,0,1,0
3700121,Hotel Sri Amutha,"No 15, Airport Road, Selvivinayagar Koil Street, Kottupalayam, Lawspet, Puducherry",Lawspet,11.94842138,79.81260572,South Indian,150,0,Not rated,3,0,2,0
3701109,SS Fast Food,"152, Lawspet Main Road, Pakkamudayanpet, Puducherry",Lawspet,11.9481078,79.81077947,South Indian,150,0,Not rated,2,0,1,0
3701108,Krishna Fast Food,"188, Lawspet Main Road, Pakkamudayanpet, Puducherry",Lawspet,11.94752952,79.80994932,South Indian,150,0,Not rated,0,0,1,0
3700128,Sree Krishna Fast Food,"168, Pakkamudiyanpet, Lawspet, Puducherry",Lawspet,11.94745801,79.80988596,South Indian,150,0,Not rated,0,0,3,0
18969042,Le Hotbakes,"No 176, Lawspet Main Road, Pakkamudayanpet, Lawspet, Puducherry",Lawspet,11.94717625,79.80993357,Bakery,300,0,Not rated,1,0,0,0
18882536,RKN Hotel,"Bharathy street, Thiruvalluvar(T.V) nagar, Puducherry - 605001, Lawspet, Puducherry",Lawspet,11.94173445,79.82837778,Indian,400,0,Not rated,2,0,0,0
3700419,No. 1 Nafura,"Anna Salai, Opposite Anandha Inn Hotel, Heritage Town, Puducherry",Heritage Town,11.94215,79.82994167,"South Indian, Chinese, Biryani",200,0,Not rated,0,0,3,0
3700349,The Nile,"2A, Anna Salai, Near Anandha Marriage Hall, Heritage Town, Puducherry",Hot Cold Bar & Restaurants,11.94143332,79.82815616,"Chinese, North Indian, South Indian, Continental",300,0,Not rated,1,0,8,0
19527366,Momo Kitchen,"42, Othavadai Street, Thendral Nagar, Heritage Town, Puducherry",Heritage Town,11.941547,79.816567,"Momos, Pizza, Fast Food",350,0,Not rated,5,1,0,1
19292422,Wow Cane,"1, Bharathi Street, Opposite Anandha Inn Hotel, Heritage Town, Puducherry",Heritage Town,11.94144438,79.82843184,Juices,100,0,Not rated,1,1,6,0
3700345,A1 Fast Food & Tiffin Center,"SV Patel Salai, Opposite Anandha Inn, Heritage Town, Puducherry",Heritage Town,11.94157208,79.82895613,South Indian,200,0,Not rated,3,1,4,0
19063159,Khans Kitchen,"50, ECR, Miwas Tower, Kottakuppam, Puducherry",Kottukuppam,11.966799,79.837645,Chinese,300,0,Not rated,0,0,0,0
19215253,Jigarthanda Factory,"173, SV Patel Road, Heritage Town, Puducherry",Heritage Town,11.94180369,79.83071874,"Beverages, Ice Cream, Fast Food",200,0,Not rated,1,0,0,0
19330876,Srithanya Fresh Juice & Shawarma Corner,"118, Sri Ranga Nagar, Marrie Oulgarate, Near Mani Wine Shop, Mettupalayam, Gandhinagar, Puducherry",Gandhinagar,11.931561,79.816989,"Beverages, Lebanese",200,0,Not rated,1,1,0,0
18867055,DL ZUICERS & CAKERS,"29, Devi Illam Cudalore Road, next to Providence Mall, Heritage Town, Puducherry",Heritage Town,11.92864317,79.81957376,"Ice Cream, Desserts",200,0,Not rated,1,0,3,0
3701103,Tea Point,"Providence Mall, Cuddalore Road, Orleanpet, Puducherry, MG Road, Puducherry",MG Road,11.92879243,79.82031304,Beverages,100,0,Not rated,2,1,2,0
3701099,Nahz Biryani and Fast Food,"183, MMA Salai, Orleanpet, Puducherry, MG Road, Puducherry",MG Road,11.93183494,79.81561113,Biryani,250,0,Not rated,0,0,1,0
19293174,A Star Kitchen,"2A, I Cross, Sathyasai Nagar Extension, Reddiarpalayam Lawspet, Puducherry",Lawspet,11.927917,79.819179,"Biryani, Chinese",300,0,Not rated,6,2,0,1
3700335,Hotel Annapoorna,"191, MMA Salai, MG Road, Puducherry",MG Road,11.92948889,79.81536111,"South Indian, Chinese",400,0,Not rated,5,1,6,1
19223366,Richy Rich (KR Foods),"261, Maraimalai Adigal Salai, Nellithope, Heritage Town, Puducherry",Heritage Town,11.93229094,79.81350567,"Ice Cream, Pizza, Sandwich, Burger, Desserts, South Indian",350,0,Not rated,14,1,0,1
19512628,BBQ Xpress,"238, M.M Salai, Near Bus Stand, MG Road, Puducherry",MG Road,11.932669,79.813124,Fast Food,200,0,Not rated,0,0,0,1
19478100,Shawarma Doner,"246, Thiruvalluvar Salai, Opposite Shanmuga Cinemas, Raja Nagar, Kuyavarpalayam, Heritage Town, Puducherry",Heritage Town,11.934796,79.813952,Lebanese,250,0,Not rated,2,0,0,1
19403019,Orange Sweets & Bakery,"290, Maraimalai Adigal Salai, Nellithope, Heritage Town, Puducherry",Heritage Town,11.932807,79.812613,"Rolls, Beverages",300,0,Not rated,0,0,0,1
19011449,Karrimboy Restaurant,"178, 180 Laporte street, Anna Salai, MG Road, Puducherry",MG Road,11.932016,79.824183,"North Indian, Chinese",350,0,Not rated,0,0,0,0
19106690,Vasantharaja Inn,"7, Thiruvalluvar Salai, Aruthathipuram, Nellithope, Heritage Town, Puducherry",Heritage Town,11.93330751,79.81266044,South Indian,200,0,Not rated,1,0,0,0
19014020,Karrimboy,"178/180 la porte street, anna salai, pondicherry, MG Road, Puducherry",MG Road,11.93195861,79.82431188,"Biryani, Hyderabadi, Indian",0,0,Not rated,0,0,0,0
18888406,Sri Azhagar,"166, Anna Complex, Anna Salai, Savarirayalu Street Cutting, Opposite To Pothys, MG Road, Puducherry",MG Road,11.93259696,79.8242693,Paan,100,0,Not rated,2,1,4,0
3700302,Park Restaurant,"436, Anna Salai, MG Road, Puducherry",MG Road,11.93272778,79.82429444,"Biryani, Chinese, Street Food",250,0,Not rated,1,1,4,0
3700339,Indhuja De'Best,"406, Anna Salai, MG Road, Puducherry",MG Road,11.93283333,79.82429444,"Street Food, South Indian",200,0,Not rated,1,0,2,0
19416528,Richy Rich,"409, Anna Salai, 4th Cross, Bharathipuram Road, Subbarayapillai Chathiram, MG Road, Puducherry",MG Road,11.932811,79.824341,"Desserts, Ice Cream",400,0,Not rated,0,0,20,0
3701036,Hot Chips,"403, Anna Salai, Heritage Town, Puducherry",Heritage Town,11.93319594,79.8242626,South Indian,250,0,Not rated,3,0,0,0
19512625,Hotel Bismi,"13, Municipal Building, Laporte Street, MG Road, Puducherry",MG Road,11.931897,79.824746,"Chinese, Fast Food",300,0,Not rated,0,0,0,1
3700153,Monas Restaurant,"No 10, Vivekananda Nagar, Villianur Main Road, Villianur, Puducherry",Villianur,11.92452,79.816035,"South Indian, Biryani, Chinese",200,0,Not rated,1,0,3,0
3700801,Goodish Sweets,"44, 1st Cross Street, Ilango Nagar, Puducherry, Heritage Town, Puducherry",Heritage Town,11.9364025,79.82179297,Mithai,250,0,Not rated,0,0,0,0
3700875,Cheers Bar & Restaurant,"403, Anna Salai, White Town, Puducherry",White Town,11.93383,79.82452,South Indian,800,0,Not rated,1,0,0,0
19387895,Pavilion - The Residency Towers,"388, Anna Salai, Subbarayapillai Chathiram, MG Road, Puducherry",MG Road,11.934063,79.824467,"Chinese, North Indian, Fast Food",1500,0,Not rated,0,0,0,0
19370018,Sri Ram Mess,"26, 1st Cross Street, Thiruman Nagar, Kosapalayam, Heritage Town, Puducherry",Heritage Town,11.93450731,79.81225922,South Indian,100,0,Not rated,0,0,0,0
19087017,Magizhchi,"183, Kamaraj Salai, MG Road, Puducherry",MG Road,11.93781,79.818362,"North Indian, Chinese, Continental",200,0,Not rated,18,1,0,1
19068256,The Ice & Fire,"273 a, Lenin Street, Kuyavar Palayam, Heritage town, Nelitope Puducherry",Auroville,11.93588052,79.81311924,"South Indian, BBQ, Fast Food",300,0,Not rated,4,0,0,0
19349506,Fried Spot,"1, New Street, Govinda Salai, White Town, Puducherry",White Town,11.934845,79.824375,"Fast Food, Beverages",300,0,Not rated,6,4,0,1
3700307,Alagappa,"311, Anna Salai, MG Road, Puducherry",MG Road,11.93496632,79.82473601,"South Indian, Chettinad",300,0,Not rated,3,1,5,0
3700306,Amudha Cafe,"338, Anna Salai, MG Road, Puducherry",MG Road,11.93500732,79.82474238,South Indian,150,0,Not rated,2,0,3,0
19087982,Wangs Express,"96, Kamaraj Salai, Kamaraj Nagar, Ilango Nagar, MG Road, Puducherry",MG Road,11.937358,79.822221,"Chinese, Momos, Beverages",300,0,Not rated,1,0,0,0
19522602,CKS Bakery,"33, Kamaraj Salai, Heritage Town, Puducherry",Heritage Town,11.9372723,79.822848,"Bakery, Desserts, Fast Food",300,0,Not rated,0,0,16,1
19246290,Grande Hot Bakery,"382, Bharathi Street, White Town, Puducherry",White Town,11.93176839,79.82652521,"Bakery, Fast Food, Pizza, Beverages",100,0,Not rated,10,0,0,1
3700449,Amirtham Sweets,"292, Anna Salai, MG Road, Puducherry, MG Road, Puducherry",MG Road,11.93568601,79.82493047,Bakery,150,0,Not rated,3,0,4,0
19528657,Semapasi Takeaway,"2, Municipal Road, Sathya Sai Nagar, Main Road, Reddiarpalayam, Villianur, puducherry",Villianur,11.93481247,79.79981661,"Fast Food, Biryani",250,0,Not rated,2,1,6,0
18974201,AL BHEEMA,"153/1 Pondy Villupuram Road, Oulgaret, Villianur, Puducherry",Villianur,11.93073472,79.78773963,"North Indian, South Indian, Arabian, Beverages",300,0,Not rated,1,0,14,0
19226542,Mumbai Kulfi/ The Spiceyy Park,"98, Villianur Main Road, Moolakulam, Villianur, Puducherry",Villianur,11.93108844,79.78650051,"Ice Cream, South Indian",200,0,Not rated,11,1,0,1
19189333,SMS Cafe,"45, ECR Main Road, Krishna Nagar, Near Shriram Finance, Lawspet, Puducherry",Lawspet,11.93129392,79.78620851,"South Indian, Beverages",250,0,Not rated,0,0,0,0
3701263,Chris Take Away Food Point,"100 Feet Road, Opposite to J Kay TVS, Mudaliarpet, Puducherry",Mudaliarpet,11.91935851,79.80920041,Fast Food,250,0,Not rated,1,0,1,0
19447646,Grand New Cake Villa,"234, Vazhuthavor Main Road, Kathirkamam, White Town, Puducherry",White Town,11.94130572,79.79642361,"Pizza, Fast Food, Bakery, Beverages",450,0,Not rated,0,0,1,1
3701058,Adhavan,"203, Villianur Main Road, Mulakkulam, Villianur",Villianur,11.93067633,79.78578363,"Chinese, South Indian",300,0,Not rated,0,0,2,0
3701082,Sri Ganesh Mess,"248, Vazhudhavur Road, Kathirkam, Gandhinagar, Puducherry",Gandhinagar,11.94135853,79.7958352,South Indian,250,0,Not rated,0,0,1,0
3700272,Hotel Muruga,"240, Vazhuduvar Road, Opposite Govt Medical College, Gandhinagar, Puducherry",Gandhinagar,11.94152353,79.79617048,South Indian,150,0,Not rated,0,0,4,0